,name,symbol,direction,type,entry_rule,entry_time,entry_price,exit_rule,exit_time,exit_price,current_time,current_price,qty,unit,cost,entry_amount,exit_amount,predict,pnl,return,margin
0,base,3443,long,平倉,entry,2025-04-29,1010.3468,exit,2025-04-30,1025.0606,,,4,1000,32044.178979999997,-4051187.5639600004,4077998.5849800003,,26811.02101999997,0.006618064603701645,1010346.8
1,base,3443,long,平倉,entry,2025-05-05,1069.202,exit,2025-05-07,1064.2974,,,4,1000,33466.51298,-4287179.2594,4234094.346419999,,-53084.91298000029,-0.012382247106557807,1069202.0
2,base,3443,long,平倉,entry,2025-05-09,1093.725,exit,2025-05-12,1108.4388,,,4,1000,34662.25446,-4385509.1325,4409702.07804,,24192.94553999997,0.005516564852347841,1093725.0
3,base,3443,long,平倉,entry,2025-05-14,1147.6755,exit,2025-05-16,1132.9618,,,4,1000,35717.723410000006,-4601834.45235,4507261.92894,,-94572.52341000008,-0.020551048584919244,1147675.5
4,base,3443,long,平倉,entry,2025-05-19,1132.9618,exit,2025-05-20,1123.1526,,,4,1000,35362.14088,-4542836.92946,4468237.98858,,-74598.94088000059,-0.01642122357424528,1132961.8
5,base,3443,long,平倉,entry,2025-06-05,1179.626,exit,2025-06-06,1154.7394,,,4,1000,36500.21718,-4729946.3722,4593899.75502,,-136046.61718000018,-0.02876282445391066,1179626.0
6,base,3443,long,平倉,entry,2025-06-26,1219.4446,exit,2025-07-03,1318.9911,,,3,1000,30338.0396175,-3667205.259465,3935506.7198475,,268301.4603824998,0.07316237881422587,1219444.6
7,base,3443,long,平倉,entry,2025-08-06,1284.1499,exit,2025-08-11,1224.422,,,3,1000,29269.658572499997,-3861791.8905225,3653338.5319500007,,-208453.3585724996,-0.05397840289739069,1284149.9
8,base,3443,long,平倉,entry,2025-08-26,1328.9458,exit,2025-09-02,1348.8551,,,3,1000,31620.6974475,-3996505.4806950004,4024612.6832475006,,28107.20255250009,0.007032944828493565,1328945.8
9,base,3443,long,平倉,entry,2025-10-03,1378.719,exit,2025-10-07,1398.6283,,,3,1000,32792.856307500006,-4146187.1807250003,4173122.2244175,,26935.043692500083,0.006496340497533986,1378719.0
10,base,3443,long,平倉,entry,2025-10-08,1403.6057,exit,2025-10-16,1488.2202,,,3,1000,34432.0152225,-4221028.331467501,4440439.816245001,,219411.48477749972,0.051980576188461206,1403605.7000000002
11,base,3443,long,平倉,entry,2025-10-22,1652.4719,exit,2025-10-29,1488.2202,,,3,1000,36242.5168275,-4969437.4330725,4440439.816245,,-528997.6168275,-0.10645020164796236,1652471.9
12,base,3443,long,平倉,entry,2025-11-05,1562.8801,exit,2025-11-06,1677.3585,,,3,1000,38668.962315000004,-4700010.2527275,5004776.4904125,,304766.2376849999,0.06484373890634357,1562880.1
13,base,3443,long,平倉,entry,2025-11-07,1697.2678,exit,2025-11-14,1811.7463,,,2,1000,27889.196185000004,-3402767.34883,3603835.152645,,201067.80381499988,0.05908949487367527,1697267.8
14,base,3443,long,平倉,entry,2025-11-17,1896.3608,exit,2025-11-18,1896.3608,,,2,1000,29772.86456,-3801918.9498799997,3772146.0853199996,,-29772.86456,-0.007831009801232013,1896360.7999999998
15,base,3443,long,平倉,entry,2025-11-26,2170.1137,exit,2025-12-03,2170.1137,,,2,1000,34070.78509,-4350752.451444999,4316681.666354999,,-34070.78509,-0.007831009801232013,2170113.6999999997
16,base,3443,long,平倉,entry,2026-01-05,2279.6149,exit,2026-01-12,2364.2294,,,2,1000,36708.02125500001,-4570285.9322649995,4702806.91101,,132520.97874500026,0.028996211770786047,2279614.9
17,base,3443,long,平倉,entry,2026-01-19,2513.5491,exit,2026-01-23,2687.7555,,,2,1000,41352.860310000004,-5039288.9131350005,5346348.852825001,,307059.93969,0.06093318819042952,2513549.1
18,base,3443,long,平倉,entry,2026-01-26,2687.7555,exit,2026-01-27,2618.073,,,1,1000,20720.853112499997,-2694273.3070875,2603869.953975,,-90403.35311250035,-0.03355389108992289,2687755.5
19,base,3443,long,平倉,entry,2026-03-03,2652.9142,exit,2026-03-05,2394.0933,,,1,1000,19421.2730875,-2659347.516935,2381105.3438475,,-278242.17308750015,-0.10462798536694629,2652914.2
20,base,3443,long,平倉,entry,2026-03-19,2488.6625,exit,2026-03-26,2478.7079,,,2,1000,38963.99384,-4989395.013125,4930521.819285,,-58873.19384000006,-0.011799665828247603,2488662.5
21,base,3443,long,平倉,entry,2026-04-10,2682.7782,exit,2026-04-17,3324.8531,,,1,1000,24543.065202499998,-2689283.9371350002,3306815.7719325,,617531.8347974997,0.22962686322195514,2682778.2
22,base,3443,long,平倉,entry,2026-04-20,3479.1502,exit,2026-04-27,4101.3158,,,1,1000,30686.57745,-3487587.139235,4079066.1617850005,,591479.0225500003,0.1695954821876482,3479150.2
23,base,3443,long,平倉,entry,2026-04-28,3996.792,exit,2026-05-06,4902.6651,,,1,1000,36289.1787675,-4006484.2206,4876068.141832501,,869583.9212325002,0.21704413978754514,3996792.0
24,base,3443,long,平倉,entry,2026-05-07,4932.5291,exit,2026-05-14,5480.0348,,,1,1000,41690.57185750001,-4944490.4830674995,5450305.61121,,505815.12814250065,0.10229873631563738,4932529.1
25,base,3443,long,平倉,entry,2026-06-16,5055.0,exit,2026-06-24,4725.0,,,1,1000,37891.5,-5067258.375,4699366.875,,-367891.5,-0.07260168571925248,5055000.0
26,base,3443,long,平倉,entry,2026-07-03,5225.0,exit,2026-07-07,4770.0,,,1,1000,38547.87500000001,-5237670.625,4744122.75,,-493547.875,-0.09423041468935439,5225000.0
27,base,3443,long,平倉,entry,2026-08-10,4640.0,exit,2026-08-17,5475.0,,,1,1000,40953.875,-4651252.0,5445298.125,,794046.125,0.1707166425297963,4640000.0
28,base,3443,long,平倉,entry,2026-08-18,5845.0,exit,2026-08-20,5345.0,,,1,1000,43170.75,-5859174.125,5316003.375,,-543170.75,-0.09270431948461678,5845000.0
29,base,3443,long,平倉,entry,2026-08-27,6345.0,exit,2026-09-03,5895.0,,,0,1000,0.0,0.0,-0.0,,-0.0,0.0,6345000.0
30,base,3443,long,平倉,entry,2026-09-11,6200.0,exit,2026-09-14,5995.0,,,0,1000,0.0,0.0,-0.0,,-0.0,0.0,6200000.0
31,base,3443,long,平倉,entry,2026-09-15,6400.0,exit,2026-09-16,6070.0,,,0,1000,0.0,0.0,-0.0,,-0.0,0.0,6400000.0
32,base,3443,long,平倉,entry,2026-09-21,7395.0,exit,2026-09-30,8090.0,,,0,1000,0.0,0.0,0.0,,0.0,0.0,7395000.0
