run,symbol,period,variant,hold,extra_fee,account_return,account_cagr,account_mdd,account_sharpe,net_profit,cost,gross_profit,trades,win_rate,profit_factor,pnl_quantiles_05_50_95,top3_profit_share,mean_trade_pnl_bootstrap95,trade_reorder_mdd_quantiles_05_50_95,without_best3_net,engine_total_returns,engine_mdd
6533_development_base_h5_cost0,6533,development,base,5,0.0,-0.14107190185249985,-0.06261459004022385,-0.19887676825847567,-0.7733810921276595,-1410719.0185249983,769632.618525,-641086.3999999982,30,0.3,0.5607292536947599,"[-327931.3012882497, -95815.1833074999, 318084.5745220001]",0.6811472610766246,"[-121617.23305109984, 32532.472705093714]","[-0.2388998371393159, -0.18141025925407084, -0.14107190185249985]",-2637317.6284849984,-0.2519167552801461,-0.3686325097756051
6533_development_volume_1000_h5_cost0,6533,development,volume_1000,5,0.0,-0.10934086869624982,-0.048043391704796656,-0.18876945826149527,-0.582833683359813,-1093408.6869624984,702983.1869624999,-390425.49999999814,27,0.3333333333333333,0.6259422788473279,"[-333464.45047049975, -94510.37303999976, 338284.94121150015]",0.6861851994467263,"[-124461.60252143972, 47228.682621601874]","[-0.2167106219284489, -0.16016919302820753, -0.11732069793204292]",-2348916.8169574984,-0.194653014324122,-0.352013083984808
6533_development_trend_ma20_h5_cost0,6533,development,trend_ma20,5,0.0,-0.14107190185249985,-0.06261459004022385,-0.19887676825847567,-0.7733810921276595,-1410719.0185249983,769632.618525,-641086.3999999982,30,0.3,0.5607292536947599,"[-327931.3012882497, -95815.1833074999, 318084.5745220001]",0.6811472610766246,"[-121617.23305109984, 32532.472705093714]","[-0.2388998371393159, -0.18141025925407084, -0.14107190185249985]",-2637317.6284849984,-0.2519167552801461,-0.3686325097756051
6533_development_buy_hold_50pct_h5_cost0,6533,development,buy_hold_50pct,5,0.0,-0.12443430018000001,-0.05493657204645819,-0.26598758804024136,-0.20903542742486272,-1244343.0018,22545.001800000005,-1221798.0,1,0.0,0.0,"[-1244343.0018, -1244343.0018, -1244343.0018]",,"[None, None]","[-0.12443430018000001, -0.12443430018000001, -0.12443430018000001]",-1244343.0018,-0.2600597142336963,-0.5102195178635572
6533_out_of_sample_base_h5_cost0,6533,out_of_sample,base,5,0.0,0.04887775970425001,0.0316144833575529,-0.16908883657756846,0.29880948440064925,488777.5970425005,512793.5029575,1001571.1000000007,19,0.2631578947368421,1.2032956877247472,"[-445982.84572499996, -72159.82759999981, 873723.9319499992]",0.8477133984096366,"[-147923.08032141114, 226055.03834576975]","[-0.17985997106729418, -0.12188505049020426, -0.07927126308543739]",-1963697.0874574995,0.0874918976079044,-0.3154688699600172
6533_out_of_sample_volume_1000_h5_cost0,6533,out_of_sample,volume_1000,5,0.0,0.038202242054000024,0.0247539930080789,-0.13623110132100003,0.27269106214014993,382022.42053999973,350803.37945999997,732825.7999999998,13,0.23076923076923078,1.191202737518956,"[-374408.6687459998, -164837.45673249994, 1111697.9295044995]",1.0000000000000002,"[-195427.96377471142, 311938.4129535767]","[-0.16826518029852494, -0.1131515777691447, -0.07593520444843123]",-1997996.6055774996,0.0688773810561906,-0.2654711798339038
6533_out_of_sample_trend_ma20_h5_cost0,6533,out_of_sample,trend_ma20,5,0.0,0.03765486852300004,0.024401570636333636,-0.1608576921735,0.24899169484953074,376548.68523000064,475001.91477,851550.6000000008,18,0.2222222222222222,1.1605679125535442,"[-434163.90434849996, -81896.15462999999, 882050.5532999996]",0.8747966998699958,"[-157161.70240996522, 230410.02304273253]","[-0.1813540086419018, -0.12135378966387478, -0.07981813796211877]",-2004345.3617699991,0.0669158733058539,-0.3064898232839887
6533_out_of_sample_buy_hold_50pct_h5_cost0,6533,out_of_sample,buy_hold_50pct,5,0.0,-0.01827868575324998,-0.011960153274927943,-0.25036692075324996,0.03715877121428764,-182786.85753249985,26535.9575325,-156250.89999999982,1,0.0,0.0,"[-182786.85753249985, -182786.85753249985, -182786.85753249985]",,"[None, None]","[-0.01827868575324998, -0.01827868575324998, -0.01827868575324998]",-182786.85753249985,-0.0392172147195398,-0.5371662614257949
6533_full_base_h5_cost0,6533,full,base,5,0.0,-0.09774215956374965,-0.026109276606094967,-0.3148481944056537,-0.20079801781367965,-977421.5956374975,1205429.8956374999,228008.3000000026,49,0.2857142857142857,0.8132844004746466,"[-348764.9262299999, -85613.167965, 498269.0335499986]",0.5435777905072053,"[-94431.51817439662, 60654.11671324749]","[-0.302313444499967, -0.21282284188604345, -0.14798391465206376]",-3291646.0214874973,-0.1569547347502296,-0.5417908470552908
6533_full_volume_1000_h5_cost0,6533,full,volume_1000,5,0.0,-0.07034011622624992,-0.018585712461439585,-0.2754251832361624,-0.14759441982726515,-703401.1622624984,1017706.0622625,314304.90000000165,40,0.3,0.8510985978874844,"[-346139.26734824985, -100354.17517125001, 610199.7774471238]",0.6590445072711425,"[-109491.44251051237, 90403.12507645148]","[-0.28850049920967097, -0.20155322389474523, -0.13663799443188668]",-3353114.6364049977,-0.1150921616130164,-0.4875410650996213
6533_full_trend_ma20_h5_cost0,6533,full,trend_ma20,5,0.0,-0.10459015847749975,-0.028015935506062295,-0.31901593137225104,-0.22213794609354026,-1045901.5847749971,1173194.384775,127292.80000000284,48,0.2708333333333333,0.7988696300435313,"[-349117.77434624993, -84578.67498375016, 502790.7732299996]",0.5570784944781633,"[-93324.1610019166, 61821.98741772131]","[-0.30202665915034244, -0.2162113521447948, -0.15110393937184283]",-3360126.010624997,-0.1670957901214272,-0.5501990120208762
6533_full_buy_hold_50pct_h5_cost0,6533,full,buy_hold_50pct,5,0.0,-0.1340146188475,-0.03633392116398804,-0.36901025151291944,-0.1161954070416666,-1340146.188475,22119.188475000003,-1318027.0000000002,1,0.0,0.0,"[-1340146.188475, -1340146.188475, -1340146.188475]",,"[None, None]","[-0.1340146188475, -0.1340146188475, -0.1340146188475]",-1340146.188475,-0.2800819663887192,-0.7078384145697328
6533_out_of_sample_base_h3_cost0,6533,out_of_sample,base,3,0.0,0.12892132054774996,0.0823031978915656,-0.16908883657756846,0.6669253348436212,1289213.2054774999,606633.6945225002,1895846.8999999994,22,0.36363636363636365,1.6095491230587733,"[-356671.9641927497, -24649.677956249885, 784501.9029465001]",0.737548182252719,"[-86925.94341202566, 238147.3278798039]","[-0.14210348944377502, -0.0906224181994198, -0.058310693792532495]",-1221578.3964025006,0.2307710305277919,-0.3154688699600172
6533_out_of_sample_base_h10_cost0,6533,out_of_sample,base,10,0.0,0.1003409483817499,0.06435235077643209,-0.16908883657756846,0.5246075419125225,1003409.4838175003,494787.4161825,1498196.9000000001,18,0.2777777777777778,1.5578878590829923,"[-365621.7503279999, -54722.85129999991, 856705.5518547496]",0.8414310942340414,"[-103085.82427726737, 261337.8903691144]","[-0.1328576548957454, -0.08764042083831985, -0.05530106165821019]",-1354276.930095,0.1796117505142679,-0.3154688699600172
6533_out_of_sample_base_h5_cost0.001,6533,out_of_sample,base,5,0.001,0.02873725619425005,0.018650891770129796,-0.1743219122113996,0.20584817958290227,287372.56194250076,676880.5380574999,964253.1000000007,19,0.2631578947368421,1.115546583231254,"[-455552.19832499995, -80951.07559999981, 857412.0945999994]",0.8481440148528132,"[-154409.05438519406, 207744.37228098302]","[-0.1869809722552483, -0.1273380066012058, -0.08335485763480156]",-2065755.181057499,0.0508039963191834,-0.3286566007857702
6533_out_of_sample_volume_1000_h5_cost0.001,6533,out_of_sample,volume_1000,5,0.001,0.02727001611525015,0.01770305829572405,-0.1416024698410001,0.2109097195779887,272700.1611524997,468362.53884750005,741062.6999999998,13,0.23076923076923078,1.1312051313929805,"[-383619.7494659998, -173990.10081249985, 1101939.7482444996]",1.0000000000000002,"[-203135.0364327212, 303019.25109512964]","[-0.17682781516225, -0.1185913184552212, -0.07973227541844113]",-2078426.036065,0.0486573915359821,-0.2742389485481479
6533_out_of_sample_trend_ma20_h5_cost0.001,6533,out_of_sample,trend_ma20,5,0.001,0.02683127193849999,0.017419539217380597,-0.16977613715275008,0.19734100141371425,268312.71938500064,631205.8806150001,899518.6000000008,18,0.2222222222222222,1.1110396253687065,"[-437980.97121824994, -90830.04422999998, 872855.5448999996]",0.8765015384082102,"[-160150.32216226376, 223212.72527931942]","[-0.1857664011622882, -0.12529954323585663, -0.08335124310281238]",-2084815.0236149991,0.0469031056491471,-0.3232985558426201
3037_development_base_h5_cost0,3037,development,base,5,0.0,-0.17659557843425022,-0.07929942145265534,-0.18702877672048857,-0.930159989926312,-1765955.784342502,695647.6843424999,-1070308.100000002,28,0.25,0.41964787286521293,"[-288232.5485613748, -83409.66387375022, 295310.5454324995]",0.7051936463917974,"[-126199.5746064019, 4435.204692305713]","[-0.2368879091756037, -0.19675653354316963, -0.1765955784342501]",-2666451.5227525015,-0.3021774325396884,-0.3463179823433575
3037_development_volume_1000_h5_cost0,3037,development,volume_1000,5,0.0,-0.17659557843425022,-0.07929942145265534,-0.18702877672048857,-0.930159989926312,-1765955.784342502,695647.6843424999,-1070308.100000002,28,0.25,0.41964787286521293,"[-288232.5485613748, -83409.66387375022, 295310.5454324995]",0.7051936463917974,"[-126199.5746064019, 4435.204692305713]","[-0.2368879091756037, -0.19675653354316963, -0.1765955784342501]",-2666451.5227525015,-0.3021774325396884,-0.3463179823433575
3037_development_trend_ma20_h5_cost0,3037,development,trend_ma20,5,0.0,-0.16176264505025018,-0.07228331498321716,-0.18702877672048857,-0.848654276321956,-1617626.4505025018,672185.5505024999,-945440.9000000019,27,0.25925925925925924,0.44115227248333994,"[-290214.0743897498, -77488.88961000043, 302051.14879999956]",0.7051936463917974,"[-125721.49510901637, 10776.598074527685]","[-0.22426397279779375, -0.18498837905710935, -0.16176264505025018]",-2518122.188912501,-0.2767964022401208,-0.3463179823433575
3037_development_buy_hold_50pct_h5_cost0,3037,development,buy_hold_50pct,5,0.0,-0.14301122055449988,-0.06351510240743008,-0.2975353444384441,-0.20104392755903291,-1430112.205544999,22767.205545,-1407344.9999999995,1,0.0,0.0,"[-1430112.205544999, -1430112.205544999, -1430112.205544999]",,"[None, None]","[-0.14301122055449988, -0.14301122055449988, -0.14301122055449988]",-1430112.205544999,-0.2881302282149214,-0.5081209597206582
3037_out_of_sample_base_h5_cost0,3037,out_of_sample,base,5,0.0,0.22291912177749995,0.14025927222654122,-0.1953672661128305,0.8153028456400805,2229191.2177750003,1041523.7822250001,3270715.000000001,35,0.45714285714285713,1.4253241693325478,"[-568916.8526850002, -26816.31459, 952975.9641374991]",0.4280701557673656,"[-83708.5007700822, 222986.42311365175]","[-0.24462626674605362, -0.1517024543554213, -0.09786783593509799]",-968642.3808899987,0.3800609301409628,-0.3601249154676414
3037_out_of_sample_volume_1000_h5_cost0,3037,out_of_sample,volume_1000,5,0.0,0.22291912177749995,0.14025927222654122,-0.1953672661128305,0.8153028456400805,2229191.2177750003,1041523.7822250001,3270715.000000001,35,0.45714285714285713,1.4253241693325478,"[-568916.8526850002, -26816.31459, 952975.9641374991]",0.4280701557673656,"[-83708.5007700822, 222986.42311365175]","[-0.24462626674605362, -0.1517024543554213, -0.09786783593509799]",-968642.3808899987,0.3800609301409628,-0.3601249154676414
3037_out_of_sample_trend_ma20_h5_cost0,3037,out_of_sample,trend_ma20,5,0.0,0.22291912177749995,0.14025927222654122,-0.1953672661128305,0.8153028456400805,2229191.2177750003,1041523.7822250001,3270715.000000001,35,0.45714285714285713,1.4253241693325478,"[-568916.8526850002, -26816.31459, 952975.9641374991]",0.4280701557673656,"[-83708.5007700822, 222986.42311365175]","[-0.24462626674605362, -0.1517024543554213, -0.09786783593509799]",-968642.3808899987,0.3800609301409628,-0.3601249154676414
3037_out_of_sample_buy_hold_50pct_h5_cost0,3037,out_of_sample,buy_hold_50pct,5,0.0,4.980596199412001,2.210832993327586,-0.33071803334861605,2.4768780519992535,49805961.99412001,250244.40588000003,50056206.4,1,1.0,,"[49805961.99412001, 49805961.99412001, 49805961.99412001]",1.0,"[None, None]","[0.0, 0.0, 0.0]",0.0,10.121525961447482,-0.3645934750027453
3037_full_base_h5_cost0,3037,full,base,5,0.0,0.00020223033899990916,5.201343961802607e-05,-0.33281603459649645,0.06771458365854857,2022.303389998444,1545670.4966099998,1547692.7999999989,63,0.36507936507936506,1.0002754334969441,"[-424588.4100712501, -72197.27474999982, 531183.6466339999]",0.3493361755822096,"[-73593.14298902883, 79149.24516261196]","[-0.31147395360553065, -0.20974987224880176, -0.1431586736194]",-2563599.974747501,0.0003098751841686,-0.5650590475067974
3037_full_volume_1000_h5_cost0,3037,full,volume_1000,5,0.0,0.00020223033899990916,5.201343961802607e-05,-0.33281603459649645,0.06771458365854857,2022.303389998444,1545670.4966099998,1547692.7999999989,63,0.36507936507936506,1.0002754334969441,"[-424588.4100712501, -72197.27474999982, 531183.6466339999]",0.3493361755822096,"[-73593.14298902883, 79149.24516261196]","[-0.31147395360553065, -0.20974987224880176, -0.1431586736194]",-2563599.974747501,0.0003098751841686,-0.5650590475067974
3037_full_trend_ma20_h5_cost0,3037,full,trend_ma20,5,0.0,0.009432494439499894,0.0024177571920775964,-0.31964629058832494,0.0858395270050459,94324.94439499831,1534015.8556049997,1628340.7999999993,62,0.3709677419354839,1.0129470204875781,"[-426051.3478793751, -66926.17294500022, 537882.8691944994]",0.3476556278265695,"[-73380.87361829431, 81517.3195533144]","[-0.31355262221793717, -0.20540207352888473, -0.14126986166341585]",-2471297.333742501,0.0143504871181438,-0.5476501083022999
3037_full_buy_hold_50pct_h5_cost0,3037,full,buy_hold_50pct,5,0.0,3.5486789236715,0.476454746878592,-0.39426816945408005,1.2866545168095167,35486789.236715,186850.56328500004,35673639.8,1,1.0,,"[35486789.236715, 35486789.236715, 35486789.236715]",1.0,"[None, None]","[0.0, 0.0, 0.0]",0.0,7.149660454434724,-0.6733180591651051
3037_out_of_sample_base_h3_cost0,3037,out_of_sample,base,3,0.0,-0.00266995451350005,-0.0017422396051192113,-0.25253844370308,0.07811288322746679,-26699.54513500037,1247603.7451350002,1220904.1999999997,47,0.425531914893617,0.9956336557858839,"[-475284.76078600035, -42945.24674500084, 534556.0920794999]",0.393624863671547,"[-95464.23927775004, 97964.0860763442]","[-0.2973798495016762, -0.19792312200465767, -0.13309577907613182]",-2423147.4082825,-0.0043025309496725,-0.4504639157500688
3037_out_of_sample_base_h10_cost0,3037,out_of_sample,base,10,0.0,0.14211069467025017,0.09053382805031429,-0.20053970997701076,0.5502233671593633,1421106.946702501,827629.7532975001,2248736.7000000007,29,0.3793103448275862,1.327760109991611,"[-469658.83946100017, -68553.34506000011, 1245511.5051644999]",0.6895586477794062,"[-123394.64793680604, 244507.5454107865]","[-0.2522432573650902, -0.16145362146907294, -0.10564677902238205]",-2548627.8305950006,0.2425459546471566,-0.3682536546363867
3037_out_of_sample_base_h5_cost0.001,3037,out_of_sample,base,5,0.001,0.14495249618750017,0.09230287415266747,-0.20632347469697154,0.5793588435497261,1449524.961875001,1359940.838125,2809465.800000001,35,0.45714285714285713,1.2681763764714147,"[-578113.7408850001, -35984.285390000005, 880770.2511689994]",0.41936056470173555,"[-100033.1592190446, 191916.2988410464]","[-0.2621757257277464, -0.16607126745645107, -0.1070611741164241]",-1425041.9849399985,0.2444637523086381,-0.3779390335063187
3037_out_of_sample_volume_1000_h5_cost0.001,3037,out_of_sample,volume_1000,5,0.001,0.14495249618750017,0.09230287415266747,-0.20632347469697154,0.5793588435497261,1449524.961875001,1359940.838125,2809465.800000001,35,0.45714285714285713,1.2681763764714147,"[-578113.7408850001, -35984.285390000005, 880770.2511689994]",0.41936056470173555,"[-100033.1592190446, 191916.2988410464]","[-0.2621757257277464, -0.16607126745645107, -0.1070611741164241]",-1425041.9849399985,0.2444637523086381,-0.3779390335063187
3037_out_of_sample_trend_ma20_h5_cost0.001,3037,out_of_sample,trend_ma20,5,0.001,0.14495249618750017,0.09230287415266747,-0.20632347469697154,0.5793588435497261,1449524.961875001,1359940.838125,2809465.800000001,35,0.45714285714285713,1.2681763764714147,"[-578113.7408850001, -35984.285390000005, 880770.2511689994]",0.41936056470173555,"[-100033.1592190446, 191916.2988410464]","[-0.2621757257277464, -0.16607126745645107, -0.1070611741164241]",-1425041.9849399985,0.2444637523086381,-0.3779390335063187
3443_development_base_h5_cost0,3443,development,base,5,0.0,-0.013947984645250044,-0.00595468476904315,-0.20093105944131417,0.009566769052110166,-139479.8464525004,1169671.9464525,1030192.0999999994,43,0.37209302325581395,0.9708783921069459,"[-325994.79648749996, -71059.60952250005, 678872.5790205]",0.4853664533509346,"[-87100.0867409622, 92035.82890303046]","[-0.25906835368906134, -0.17517491145016734, -0.11834583980171132]",-2396475.3942824993,-0.0281717025111118,-0.3438013131471591
3443_development_volume_1000_h5_cost0,3443,development,volume_1000,5,0.0,0.016534102135249862,0.006997241357224571,-0.1772166678227417,0.12069331392605963,165341.02135249952,1183649.6786475002,1348990.6999999995,43,0.37209302325581395,1.0367260059906884,"[-321670.56694350037, -71059.60952250005, 678872.5790205]",0.48357049462798096,"[-76323.24171226463, 96525.69814206097]","[-0.23432336766511813, -0.15673180255717134, -0.10524808375977147]",-2091654.5264774996,0.0333950616156737,-0.3032250129891811
3443_development_trend_ma20_h5_cost0,3443,development,trend_ma20,5,0.0,-0.04330441354000014,-0.018647720571724813,-0.2224767812536561,-0.101262550178676,-433044.13540000166,1162593.9354,729549.7999999986,42,0.38095238095238093,0.9075071918630537,"[-326219.41581374995, -75715.75957875012, 682170.0168521242]",0.5311979992343202,"[-92849.00998990922, 82240.46088580806]","[-0.2641883435230625, -0.18216472534743028, -0.12376172576931077]",-2690039.6832300005,-0.0829306276698464,-0.381583067730261
3443_development_buy_hold_50pct_h5_cost0,3443,development,buy_hold_50pct,5,0.0,0.43850301491599986,0.16719723588675817,-0.372956292670808,0.628831812118863,4385030.14916,48541.05084,4433571.199999999,1,1.0,,"[4385030.14916, 4385030.14916, 4385030.14916]",1.0,"[None, None]","[0.0, 0.0, 0.0]",0.0,0.8856746548431322,-0.5007074698860583
3443_out_of_sample_base_h5_cost0,3443,out_of_sample,base,5,0.0,0.21754390921825006,0.1369878532144344,-0.09476641509244099,1.030911890261267,2175439.0921824994,734255.6078175001,2909694.6999999993,33,0.45454545454545453,1.7576649043980566,"[-497961.941211, 0.0, 695788.1296584996]",0.4569704425328673,"[-46734.5313533864, 184805.70473014965]","[-0.15696205820461429, -0.0963809831344562, -0.0612064663546581]",-130744.8772475007,0.4269967717179386,-0.1524215613850831
3443_out_of_sample_volume_1000_h5_cost0,3443,out_of_sample,volume_1000,5,0.0,0.23329858312899998,0.1465622228848502,-0.09362892035024095,1.1024883760796418,2332985.83129,715492.16871,3048478.0,32,0.46875,1.8315262020364493,"[-499763.07448737504, -0.0, 704819.2126036247]",0.44879152837112674,"[-40631.15210395317, 198741.79122508387]","[-0.15366812511962027, -0.095850467276757, -0.058905312744388975]",26801.861860000063,0.4598389112022041,-0.1498879120171234
3443_out_of_sample_trend_ma20_h5_cost0,3443,out_of_sample,trend_ma20,5,0.0,0.21754390921825006,0.1369878532144344,-0.09476641509244099,1.030911890261267,2175439.0921824994,734255.6078175001,2909694.6999999993,33,0.45454545454545453,1.7576649043980566,"[-497961.941211, 0.0, 695788.1296584996]",0.4569704425328673,"[-46734.5313533864, 184805.70473014965]","[-0.15696205820461429, -0.0963809831344562, -0.0612064663546581]",-130744.8772475007,0.4269967717179386,-0.1524215613850831
3443_out_of_sample_buy_hold_50pct_h5_cost0,3443,out_of_sample,buy_hold_50pct,5,0.0,2.732221646855,1.3607801282261955,-0.34238217710285346,2.17584688199142,27322216.46855,148989.53144999998,27471206.0,1,1.0,,"[27322216.46855, 27322216.46855, 27322216.46855]",1.0,"[None, None]","[0.0, 0.0, 0.0]",0.0,5.818839068705079,-0.4223366952824373
3443_full_base_h5_cost0,3443,full,base,5,0.0,0.2035959245729997,0.048820365825880785,-0.22496058502711402,0.4488521952170932,2035959.2457299987,1903927.55427,3939886.799999998,76,0.40789473684210525,1.2657630198157324,"[-457082.0522299996, -26008.200855000003, 691323.7714125]",0.2636650670108454,"[-45180.7294642237, 102443.86978518005]","[-0.27079379504771306, -0.1701361053907311, -0.11320977905627129]",-520739.31908250134,0.3889706364827887,-0.3845276793574818
3443_full_volume_1000_h5_cost0,3443,full,volume_1000,5,0.0,0.20817964441399983,0.04984631775085835,-0.19169805953966745,0.45396915463312626,2081796.4441399989,1942154.7558600002,4023951.1999999993,75,0.41333333333333333,1.2692111401021948,"[-458846.7737479996, -25390.33029, 691353.1657649998]",0.26049561506264896,"[-41677.54531675664, 103004.33297209325]","[-0.2701354854592358, -0.17254409835683537, -0.1115630020165969]",-474902.12067250116,0.4204747252354815,-0.3280032702796199
3443_full_trend_ma20_h5_cost0,3443,full,trend_ma20,5,0.0,0.16764957712049977,0.04067234635442385,-0.23514484936713254,0.389755171436765,1676495.7712049978,1848270.2287950001,3524765.999999998,75,0.41333333333333333,1.2279240175017587,"[-385155.5833919998, -24469.226520000026, 691353.1657649998]",0.28307118485252786,"[-44649.65602780167, 94646.59373950907]","[-0.27214007139304164, -0.169771054333344, -0.11350605193133821]",-880202.7936075022,0.3171641445493866,-0.4015647675781086
3443_full_buy_hold_50pct_h5_cost0,3443,full,buy_hold_50pct,5,0.0,5.908432197606,0.6440074308971222,-0.40809356337385394,1.390008732646418,59084321.97606,291661.22394,59375983.2,1,1.0,,"[59084321.97606, 59084321.97606, 59084321.97606]",1.0,"[None, None]","[0.0, 0.0, 0.0]",0.0,11.933666290256117,-0.547880541525186
3443_out_of_sample_base_h3_cost0,3443,out_of_sample,base,3,0.0,0.32407178634,0.20092149851723562,-0.0901716617865862,1.3684026689761946,3240717.8634,1175700.9366000001,4416418.799999999,44,0.5,1.878234048852521,"[-359339.4, 13828.352724999815, 709688.8990058755]",0.3490003203322997,"[-14370.65970062216, 168315.21216088062]","[-0.15150998182445818, -0.09225538974744468, -0.06001554285667589]",821881.5090525001,0.6614802347656203,-0.1437047004937558
3443_out_of_sample_base_h10_cost0,3443,out_of_sample,base,10,0.0,0.21873770056499997,0.13771484214707175,-0.09720730049241999,0.9477144359536873,2187377.0056499983,755866.59435,2943243.5999999978,30,0.43333333333333335,1.621101425418979,"[-484418.64375, -12695.165145, 1115349.486971998]",0.6901616057743372,"[-89329.61876640626, 270547.44589327485]","[-0.205929501131896, -0.12637253971207058, -0.08310324811054114]",-1752857.7690350018,0.4251841442890531,-0.1602318632211442
3443_out_of_sample_base_h5_cost0.001,3443,out_of_sample,base,5,0.001,0.19259036850824995,0.1217345148199156,-0.09783570880775838,0.9184158914172318,1925903.6850824992,983791.0149175001,2909694.6999999993,33,0.45454545454545453,1.6437432391997173,"[-507727.77173100004, 0.0, 688137.5508784996]",0.46387422632934533,"[-54696.741979873135, 176749.54336893553]","[-0.16561358299371245, -0.10229949657370352, -0.06515202624122608]",-355258.19594750064,0.3702233391089481,-0.1567983081116397
3443_out_of_sample_volume_1000_h5_cost0.001,3443,out_of_sample,volume_1000,5,0.001,0.20899364460899994,0.13177369000823713,-0.09659389711033428,0.9930081646935645,2089936.4460900002,958541.55391,3048478.0,32,0.46875,1.7164364358908253,"[-509500.25882237504, -0.0, 696963.2653886247]",0.4555887232141548,"[-48351.33056853516, 190980.74588287296]","[-0.16186626298461662, -0.1013966025356276, -0.06247485359680056]",-191225.4349399996,0.4080068620331181,-0.1551547265938434
3443_out_of_sample_trend_ma20_h5_cost0.001,3443,out_of_sample,trend_ma20,5,0.001,0.19259036850824995,0.1217345148199156,-0.09783570880775838,0.9184158914172318,1925903.6850824992,983791.0149175001,2909694.6999999993,33,0.45454545454545453,1.6437432391997173,"[-507727.77173100004, 0.0, 688137.5508784996]",0.46387422632934533,"[-54696.741979873135, 176749.54336893553]","[-0.16561358299371245, -0.10229949657370352, -0.06515202624122608]",-355258.19594750064,0.3702233391089481,-0.1567983081116397
2357_development_base_h5_cost0,2357,development,base,5,0.0,-0.026843917724750033,-0.011503455344998192,-0.07706776705919949,-0.14280510235485905,-268439.1772474997,740922.4772475001,472483.3000000004,27,0.2962962962962963,0.8703761963790102,"[-210242.48577125015, -68124.47603999996, 468988.61465925013]",0.8293504219631473,"[-80975.16629522915, 69119.83366250926]","[-0.14766609625744945, -0.10180196229722704, -0.06744103763719621]",-1763318.7697549998,-0.0521162876502458,-0.1481698245180128
2357_development_volume_1000_h5_cost0,2357,development,volume_1000,5,0.0,-0.026843917724750033,-0.011503455344998192,-0.07706776705919949,-0.14280510235485905,-268439.1772474997,740922.4772475001,472483.3000000004,27,0.2962962962962963,0.8703761963790102,"[-210242.48577125015, -68124.47603999996, 468988.61465925013]",0.8293504219631473,"[-80975.16629522915, 69119.83366250926]","[-0.14766609625744945, -0.10180196229722704, -0.06744103763719621]",-1763318.7697549998,-0.0521162876502458,-0.1481698245180128
2357_development_trend_ma20_h5_cost0,2357,development,trend_ma20,5,0.0,-0.026843917724750033,-0.011503455344998192,-0.07706776705919949,-0.14280510235485905,-268439.1772474997,740922.4772475001,472483.3000000004,27,0.2962962962962963,0.8703761963790102,"[-210242.48577125015, -68124.47603999996, 468988.61465925013]",0.8293504219631473,"[-80975.16629522915, 69119.83366250926]","[-0.14766609625744945, -0.10180196229722704, -0.06744103763719621]",-1763318.7697549998,-0.0521162876502458,-0.1481698245180128
2357_development_buy_hold_50pct_h5_cost0,2357,development,buy_hold_50pct,5,0.0,0.8951734846979997,0.31237327238562695,-0.13959380031063318,1.428322312420661,8951734.846979998,68763.55301999999,9020498.399999999,1,1.0,,"[8951734.846979998, 8951734.846979998, 8951734.846979998]",1.0,"[None, None]","[0.0, 0.0, 0.0]",0.0,1.8127221090475487,-0.2196262020984217
2357_out_of_sample_base_h5_cost0,2357,out_of_sample,base,5,0.0,-0.05772062053849991,-0.03803524126334801,-0.10307080979814542,-0.4289949678877989,-577206.2053849995,452368.20538500004,-124837.99999999955,17,0.35294117647058826,0.599614685236218,"[-313552.58160000003, -54788.25, 217068.36147200016]",0.737784997321635,"[-110420.48229920218, 42472.8320786582]","[-0.1168756035684517, -0.08786619366982656, -0.06298379434795931]",-1214962.761225,-0.1154505168244339,-0.1969784825985496
2357_out_of_sample_volume_1000_h5_cost0,2357,out_of_sample,volume_1000,5,0.0,-0.05772062053849991,-0.03803524126334801,-0.10307080979814542,-0.4289949678877989,-577206.2053849995,452368.20538500004,-124837.99999999955,17,0.35294117647058826,0.599614685236218,"[-313552.58160000003, -54788.25, 217068.36147200016]",0.737784997321635,"[-110420.48229920218, 42472.8320786582]","[-0.1168756035684517, -0.08786619366982656, -0.06298379434795931]",-1214962.761225,-0.1154505168244339,-0.1969784825985496
2357_out_of_sample_trend_ma20_h5_cost0,2357,out_of_sample,trend_ma20,5,0.0,-0.05772062053849991,-0.03803524126334801,-0.10307080979814542,-0.4289949678877989,-577206.2053849995,452368.20538500004,-124837.99999999955,17,0.35294117647058826,0.599614685236218,"[-313552.58160000003, -54788.25, 217068.36147200016]",0.737784997321635,"[-110420.48229920218, 42472.8320786582]","[-0.1168756035684517, -0.08786619366982656, -0.06298379434795931]",-1214962.761225,-0.1154505168244339,-0.1969784825985496
2357_out_of_sample_buy_hold_50pct_h5_cost0,2357,out_of_sample,buy_hold_50pct,5,0.0,0.2996768716660001,0.1864436074562168,-0.15270011207441747,0.9457523827343504,2996768.7166600004,40646.48334,3037415.2,1,1.0,,"[2996768.7166600004, 2996768.7166600004, 2996768.7166600004]",1.0,"[None, None]","[0.0, 0.0, 0.0]",0.0,0.6434684080791307,-0.3255018069422308
2357_full_base_h5_cost0,2357,full,base,5,0.0,-0.07601433896124998,-0.020129983005504726,-0.09962746849073734,-0.2453874491081866,-760143.3896124994,1177409.6896124997,417266.30000000075,44,0.3181818181818182,0.7765646828502122,"[-239439.26916625004, -61456.36301999998, 428650.76252850005]",0.5658285738174106,"[-68793.45393887926, 36971.550403642046]","[-0.20468353196839548, -0.1467997747637499, -0.10131618498512827]",-2255022.98212,-0.1449837745349514,-0.1879310971786293
2357_full_volume_1000_h5_cost0,2357,full,volume_1000,5,0.0,-0.07601433896124998,-0.020129983005504726,-0.09962746849073734,-0.2453874491081866,-760143.3896124994,1177409.6896124997,417266.30000000075,44,0.3181818181818182,0.7765646828502122,"[-239439.26916625004, -61456.36301999998, 428650.76252850005]",0.5658285738174106,"[-68793.45393887926, 36971.550403642046]","[-0.20468353196839548, -0.1467997747637499, -0.10131618498512827]",-2255022.98212,-0.1449837745349514,-0.1879310971786293
2357_full_trend_ma20_h5_cost0,2357,full,trend_ma20,5,0.0,-0.07601433896124998,-0.020129983005504726,-0.09962746849073734,-0.2453874491081866,-760143.3896124994,1177409.6896124997,417266.30000000075,44,0.3181818181818182,0.7765646828502122,"[-239439.26916625004, -61456.36301999998, 428650.76252850005]",0.5658285738174106,"[-68793.45393887926, 36971.550403642046]","[-0.20468353196839548, -0.1467997747637499, -0.10131618498512827]",-2255022.98212,-0.1449837745349514,-0.1879310971786293
2357_full_buy_hold_50pct_h5_cost0,2357,full,buy_hold_50pct,5,0.0,1.80236587602,0.3035016400749251,-0.28333728028975425,1.1810700928799054,18023658.7602,109085.2398,18132744.0,1,1.0,,"[18023658.7602, 18023658.7602, 18023658.7602]",1.0,"[None, None]","[0.0, 0.0, 0.0]",0.0,3.649782447652081,-0.3779971427260795
2357_out_of_sample_base_h3_cost0,2357,out_of_sample,base,3,0.0,-0.04277037948249973,-0.028107772165687384,-0.10012230556483448,-0.3532799238094241,-427703.7948249973,651253.794825,223550.0000000027,24,0.3333333333333333,0.7711935238755132,"[-323380.3738454996, -41749.8131387498, 349061.0969500001]",0.7084474924040632,"[-88976.44827840095, 58530.01670349491]","[-0.1384146958753137, -0.09854352225039914, -0.06627802740056292]",-1448986.158824998,-0.0835805502569672,-0.1868721601655916
2357_out_of_sample_base_h10_cost0,2357,out_of_sample,base,10,0.0,-0.03448084903850002,-0.022626489720980247,-0.08745370997635382,-0.25710398621780456,-344808.4903849991,433210.490385,88402.00000000093,16,0.4375,0.6506351973494204,"[-192074.95625, -32628.337949999805, 163527.52096000005]",0.6904964414962064,"[-81431.11349562487, 38101.39230683196]","[-0.08119869830633508, -0.05983106201068844, -0.041442504997749104]",-788210.646224999,-0.0684909006613786,-0.165856121009625
2357_out_of_sample_base_h5_cost0.001,2357,out_of_sample,base,5,0.001,-0.06857653005849995,-0.045278292608998294,-0.10927686463953734,-0.5225141845752387,-685765.3005849997,602287.300585,-83477.99999999955,17,0.35294117647058826,0.5411755645115152,"[-313826.70940000005, -63278.25, 207190.84211200016]",0.7521465272089601,"[-114090.36367755872, 33987.08813926472]","[-0.12207851811166409, -0.09373294607093774, -0.06864464928433746]",-1294137.837225,-0.135261125541417,-0.2081298501895281
2357_out_of_sample_volume_1000_h5_cost0.001,2357,out_of_sample,volume_1000,5,0.001,-0.06857653005849995,-0.045278292608998294,-0.10927686463953734,-0.5225141845752387,-685765.3005849997,602287.300585,-83477.99999999955,17,0.35294117647058826,0.5411755645115152,"[-313826.70940000005, -63278.25, 207190.84211200016]",0.7521465272089601,"[-114090.36367755872, 33987.08813926472]","[-0.12207851811166409, -0.09373294607093774, -0.06864464928433746]",-1294137.837225,-0.135261125541417,-0.2081298501895281
2357_out_of_sample_trend_ma20_h5_cost0.001,2357,out_of_sample,trend_ma20,5,0.001,-0.06857653005849995,-0.045278292608998294,-0.10927686463953734,-0.5225141845752387,-685765.3005849997,602287.300585,-83477.99999999955,17,0.35294117647058826,0.5411755645115152,"[-313826.70940000005, -63278.25, 207190.84211200016]",0.7521465272089601,"[-114090.36367755872, 33987.08813926472]","[-0.12207851811166409, -0.09373294607093774, -0.06864464928433746]",-1294137.837225,-0.135261125541417,-0.2081298501895281
