run,symbol,period,variant,hold,extra_fee,StartDate,EndDate,BacktestDate,TotalReturns,CAGR,AAR,MaxDrawdown,MddDuration,CalmarRatio,SharpeRatio,SortinoRatio,AnnualisedVolatility,WinRate,ProfitLossRatio,Invest,NetProfit,MaxPosition,TotalTrades,ProfitTimes,LossTimes,TradeCost,AvgProfitPerTrade,AvgCashUtilizationRate,WeeklyReturn,MonthlyReturn,QuarterlyReturn,AnnualReturn
6533_development_base_h5_cost0,6533,development,base,5,0.0,2022-11-14,2025-03-19,2026-10-02,-0.2519167552801461,-0.12182773065470098,-0.1127584766085201,-0.36863250977560513,849,-0.3304855850311744,-0.7556654131616803,-1.0172688294292378,0.16927478336108479,0.3,0.56,5599941,-1410719,5225041,30,9,21,769633,-47024,0.09437491833681984,0.00%,0.00%,-3.38%,-4.41%
6533_development_volume_1000_h5_cost0,6533,development,volume_1000,5,0.0,2022-11-14,2025-03-19,2026-10-02,-0.19465301432412208,-0.09235126397849991,-0.08712710410244896,-0.352013083984808,849,-0.262351793669367,-0.569805965756993,-0.7770488453252832,0.1678020374407143,0.33,0.63,5617219,-1093409,5225041,27,9,18,702983,-40497,0.08569296765056504,0.00%,0.00%,-0.78%,2.91%
6533_development_trend_ma20_h5_cost0,6533,development,trend_ma20,5,0.0,2022-11-14,2025-03-19,2026-10-02,-0.2519167552801461,-0.12182773065470098,-0.1127584766085201,-0.36863250977560513,849,-0.3304855850311744,-0.7556654131616803,-1.0172688294292378,0.16927478336108479,0.3,0.56,5599941,-1410719,5225041,30,9,21,769633,-47024,0.09437491833681984,0.00%,0.00%,-3.38%,-4.41%
6533_development_buy_hold_50pct_h5_cost0,6533,development,buy_hold_50pct,5,0.0,2022-11-14,2025-03-19,2026-10-02,-0.26005971423369634,-0.12611929168867086,-0.11640328239234721,-0.5102195178635572,769,-0.24718633308417975,-0.09088598991942277,-0.1338640765930559,0.4373277550951103,0.0,0.0,4784836,-1244343,4784836,1,0,1,22545,-1244343,0.986939166099793,-0.27%,-19.00%,-6.55%,-12.09%
6533_out_of_sample_base_h5_cost0,6533,out_of_sample,base,5,0.0,2025-04-29,2026-10-01,2026-10-02,0.0874918976079044,0.06225000434564887,0.06299416627769117,-0.3154688699600172,518,0.19732534735848417,0.3019151799117996,0.4750426250285423,0.28255894379087115,0.26,1.2,5586547,488778,5042451,19,5,14,512794,25725,0.09472483579613258,25.05%,23.05%,40.38%,30.85%
6533_out_of_sample_volume_1000_h5_cost0,6533,out_of_sample,volume_1000,5,0.0,2025-06-30,2026-10-01,2026-10-02,0.06887738105619062,0.05601058424056604,0.05635422086415596,-0.2654711798339038,457,0.21098555510097158,0.2569195894168182,0.4173782646847757,0.25283438072517855,0.23,1.19,5546413,382022,4813351,13,3,10,350803,29386,0.09036337684217348,23.94%,21.94%,18.27%,25.30%
6533_out_of_sample_trend_ma20_h5_cost0,6533,out_of_sample,trend_ma20,5,0.0,2025-06-30,2026-10-01,2026-10-02,0.06691587330585397,0.054424768457610906,0.054749350886607796,-0.30648982328398877,457,0.17757447172130655,0.24537744564606295,0.382426731278235,0.29610705872505944,0.22,1.16,5627195,376549,4745836,18,4,14,475002,20919,0.10293929640705683,23.57%,21.61%,38.72%,30.55%
6533_out_of_sample_buy_hold_50pct_h5_cost0,6533,out_of_sample,buy_hold_50pct,5,0.0,2025-03-21,2026-10-01,2026-10-02,-0.03921721471953987,-0.026526478576558987,-0.026353968291530794,-0.5371662614257949,560,-0.0493822499316134,0.21983437294911198,0.3434893590554631,0.546401978648701,0.0,0.0,4660883,-182787,4660883,1,0,1,26536,-182787,0.9973333333333333,35.95%,36.02%,78.52%,19.92%
6533_full_base_h5_cost0,6533,full,base,5,0.0,2022-11-14,2026-10-01,2026-10-02,-0.15695473475022967,-0.0447862633057613,-0.0421220374409562,-0.5417908470552908,1410,-0.08266338117223818,-0.21033441253807983,-0.3098569528340711,0.2144276010520367,0.29,0.81,6227411,-977422,5225041,49,14,35,1205430,-19947,0.0834931303981081,23.59%,21.72%,39.39%,31.84%
6533_full_volume_1000_h5_cost0,6533,full,volume_1000,5,0.0,2022-11-14,2026-10-01,2026-10-02,-0.11509216161301647,-0.03228160759367449,-0.03088735327633669,-0.48754106509962136,1410,-0.06621310470960687,-0.17039434599519707,-0.25533716721021543,0.195146925042091,0.3,0.85,6111634,-703401,5225041,40,12,28,1017706,-17585,0.07546953307648367,24.77%,22.80%,19.20%,29.58%
6533_full_trend_ma20_h5_cost0,6533,full,trend_ma20,5,0.0,2022-11-14,2026-10-01,2026-10-02,-0.1670957901214272,-0.047883596814773166,-0.04484359862683669,-0.5501990120208762,1410,-0.0870295943260551,-0.24055955276854532,-0.3537753359225899,0.21291632364899274,0.27,0.8,6259293,-1045902,5225041,48,13,35,1173194,-21790,0.08224734242434059,23.80%,21.91%,38.79%,33.83%
6533_full_buy_hold_50pct_h5_cost0,6533,full,buy_hold_50pct,5,0.0,2022-11-14,2026-10-01,2026-10-02,-0.28008196638871924,-0.08441437352738201,-0.07516576733754765,-0.7078384145697328,1330,-0.11925655882733377,0.05711565686935685,0.08658557037379841,0.4835354265118741,0.0,0.0,4784836,-1340146,4784836,1,0,1,22119,-1340146,0.9921690633803871,35.95%,36.02%,78.52%,19.92%
6533_out_of_sample_base_h3_cost0,6533,out_of_sample,base,3,0.0,2025-04-29,2026-10-01,2026-10-02,0.23077103052779194,0.16125509134040095,0.1661551419800102,-0.3154688699600172,513,0.5111600753533575,0.6357613154088032,1.1042459291713587,0.2671645796152831,0.36,1.61,5586547,1289213,5042451,22,8,14,606634,58601,0.09223175414224154,23.06%,22.24%,42.66%,48.09%
6533_out_of_sample_base_h10_cost0,6533,out_of_sample,base,10,0.0,2025-04-29,2026-10-01,2026-10-02,0.17961175051426795,0.1262949706985783,0.12932046037027292,-0.3154688699600172,513,0.40034051763834905,0.5110116022752035,0.8612087527865485,0.27874703291520675,0.28,1.56,5586547,1003409,5042451,18,5,13,494787,55745,0.10252400176034639,22.65%,20.78%,34.41%,41.94%
6533_out_of_sample_base_h5_cost0.001,6533,out_of_sample,base,5,0.001,2025-04-29,2026-10-01,2026-10-02,0.05080399631918345,0.03632418938000037,0.036578877349812085,-0.3286566007857702,520,0.11052323091383076,0.18922233274115552,0.2902665394937846,0.2815442397645771,0.26,1.12,5656495,287373,5047486,19,5,14,676881,15125,0.09334587705891059,23.61%,21.40%,37.77%,28.95%
6533_out_of_sample_volume_1000_h5_cost0.001,6533,out_of_sample,volume_1000,5,0.001,2025-06-30,2026-10-01,2026-10-02,0.048657391535982114,0.03963778348561364,0.03981059307489446,-0.2742389485481479,458,0.1445373959295737,0.18752041548150458,0.30015033427224314,0.2549157266837561,0.23,1.13,5604496,272700,4818158,13,3,10,468363,20977,0.08913188111461684,23.94%,21.75%,17.59%,23.81%
6533_out_of_sample_trend_ma20_h5_cost0.001,6533,out_of_sample,trend_ma20,5,0.001,2025-06-30,2026-10-01,2026-10-02,0.0469031056491471,0.03821458749226969,0.03837526825839308,-0.32329855584262013,458,0.11820215958797024,0.17016261334684013,0.2618449073956394,0.29573296626569817,0.22,1.11,5720575,268313,4750575,18,4,14,631206,14906,0.10070893553317622,23.39%,21.26%,37.70%,30.05%
3037_development_base_h5_cost0,3037,development,base,5,0.0,2022-11-14,2025-03-19,2026-10-02,-0.3021774325396884,-0.14874449479129093,-0.13525526287744488,-0.34631798234335753,854,-0.42950266048794994,-0.9145682204233719,-1.2233801843667607,0.17793485887349583,0.25,0.42,5844102,-1765956,4963423,28,7,21,695648,-63070,0.10553042120040029,0.00%,-3.51%,-8.46%,-2.26%
3037_development_volume_1000_h5_cost0,3037,development,volume_1000,5,0.0,2022-11-14,2025-03-19,2026-10-02,-0.3021774325396884,-0.14874449479129093,-0.13525526287744488,-0.34631798234335753,854,-0.42950266048794994,-0.9145682204233719,-1.2233801843667607,0.17793485887349583,0.25,0.42,5844102,-1765956,4963423,28,7,21,695648,-63070,0.10553042120040029,0.00%,-3.51%,-8.46%,-2.26%
3037_development_trend_ma20_h5_cost0,3037,development,trend_ma20,5,0.0,2022-11-14,2025-03-19,2026-10-02,-0.27679640224012086,-0.13502265119641188,-0.1238946596172477,-0.34631798234335753,854,-0.3898805666479757,-0.833407363392257,-1.123025473226646,0.17643097743217312,0.26,0.44,5844102,-1617626,4963423,27,7,20,672186,-59912,0.10428098807974631,0.00%,0.00%,-5.13%,1.29%
3037_development_buy_hold_50pct_h5_cost0,3037,development,buy_hold_50pct,5,0.0,2022-11-14,2025-03-19,2026-10-02,-0.28813022821492146,-0.14111667244473813,-0.128967704280924,-0.5081209597206582,363,-0.2777225968444948,-0.13213819973120003,-0.19147859158896863,0.43543225312289113,0.0,0.0,4963423,-1430112,4963423,1,0,1,22767,-1430112,0.9214732476092193,-4.46%,-16.41%,-27.21%,-44.60%
3037_out_of_sample_base_h5_cost0,3037,out_of_sample,base,5,0.0,2025-04-28,2026-10-01,2026-10-02,0.38006093014096287,0.2602008760224155,0.2728642575371016,-0.36012491546764147,272,0.7225295025325608,0.7744292586835506,1.2705950980192482,0.3279302180193157,0.46,1.43,5865352,2229191,6435930,35,16,19,1041524,63691,0.26073368456416185,4.84%,4.39%,6.93%,82.68%
3037_out_of_sample_volume_1000_h5_cost0,3037,out_of_sample,volume_1000,5,0.0,2025-04-28,2026-10-01,2026-10-02,0.38006093014096287,0.2602008760224155,0.2728642575371016,-0.36012491546764147,272,0.7225295025325608,0.7744292586835506,1.2705950980192482,0.3279302180193157,0.46,1.43,5865352,2229191,6435930,35,16,19,1041524,63691,0.26073368456416185,4.84%,4.39%,6.93%,82.68%
3037_out_of_sample_trend_ma20_h5_cost0,3037,out_of_sample,trend_ma20,5,0.0,2025-04-28,2026-10-01,2026-10-02,0.38006093014096287,0.2602008760224155,0.2728642575371016,-0.36012491546764147,272,0.7225295025325608,0.7744292586835506,1.2705950980192482,0.3279302180193157,0.46,1.43,5865352,2229191,6435930,35,16,19,1041524,63691,0.26073368456416185,4.84%,4.39%,6.93%,82.68%
3037_out_of_sample_buy_hold_50pct_h5_cost0,3037,out_of_sample,buy_hold_50pct,5,0.0,2025-03-21,2026-10-01,2026-10-02,10.121525961447482,4.046874012196643,6.8016654460927075,-0.3645934750027453,80,11.099688528891447,2.6037974037388407,4.310764069061407,0.7217960033122294,1.0,,4920796,49805962,4920796,1,1,0,250244,49805962,0.5038709620501051,6.70%,23.07%,30.32%,690.76%
3037_full_base_h5_cost0,3037,full,base,5,0.0,2022-11-14,2026-10-01,2026-10-02,0.0003098751841686953,8.31519660471347e-05,8.31613912784997e-05,-0.5650590475067974,1260,0.00014715624219101533,-0.010651803647918675,-0.016238994998607422,0.24380587052862338,0.37,1.0,6526187,2022,5246682,63,23,40,1545670,32,0.14329050079688938,4.79%,4.36%,6.87%,84.33%
3037_full_volume_1000_h5_cost0,3037,full,volume_1000,5,0.0,2022-11-14,2026-10-01,2026-10-02,0.0003098751841686953,8.31519660471347e-05,8.31613912784997e-05,-0.5650590475067974,1260,0.00014715624219101533,-0.010651803647918675,-0.016238994998607422,0.24380587052862338,0.37,1.0,6526187,2022,5246682,63,23,40,1545670,32,0.14329050079688938,4.79%,4.36%,6.87%,84.33%
3037_full_trend_ma20_h5_cost0,3037,full,trend_ma20,5,0.0,2022-11-14,2026-10-01,2026-10-02,0.014350487118143823,0.003831197192484481,0.003851248939054572,-0.5476501083022999,1260,0.006995702428254942,-0.006599059772679343,-0.010005360022679736,0.24089655249915845,0.37,1.01,6572944,94325,5246682,62,23,39,1534016,1521,0.14318579358721967,4.69%,4.26%,6.72%,80.18%
3037_full_buy_hold_50pct_h5_cost0,3037,full,buy_hold_50pct,5,0.0,2022-11-14,2026-10-01,2026-10-02,7.1496604544347235,0.7559941496906957,1.918758716206124,-0.6733180591651051,505,1.1227890584549396,1.2700593891728726,2.0080441374654634,0.5707407366847107,1.0,,4963423,35486789,4963423,1,1,0,186851,35486789,0.7960531954200308,6.70%,23.07%,30.32%,690.76%
3037_out_of_sample_base_h3_cost0,3037,out_of_sample,base,3,0.0,2025-04-28,2026-10-01,2026-10-02,-0.004302530949672534,-0.0030908743357518365,-0.0030889965792520752,-0.45046391575006883,318,-0.006861535913715113,-0.025781107324765587,-0.03741152486501239,0.31602190299884714,0.43,1.0,6205544,-26700,5468542,47,20,27,1247604,-568,0.23110764910518367,4.24%,3.78%,9.38%,49.51%
3037_out_of_sample_base_h10_cost0,3037,out_of_sample,base,10,0.0,2025-04-28,2026-10-01,2026-10-02,0.24254595464715664,0.16872278123839202,0.174135557182574,-0.3682536546363867,267,0.4581700116594599,0.5340199126428518,0.8423250684438284,0.34969009908091625,0.38,1.33,5859125,1421107,6116132,29,11,18,827630,49004,0.2779057998327253,4.28%,3.89%,7.95%,66.17%
3037_out_of_sample_base_h5_cost0.001,3037,out_of_sample,base,5,0.001,2025-04-28,2026-10-01,2026-10-02,0.2444637523086381,0.17001757554238428,0.17551243755491966,-0.37793903350631874,275,0.44985450157145984,0.5346413274583978,0.8481799041318875,0.3304008545801538,0.46,1.27,5929406,1449525,6302306,35,16,19,1359941,41415,0.2603905562323402,4.21%,3.70%,6.13%,69.62%
3037_out_of_sample_volume_1000_h5_cost0.001,3037,out_of_sample,volume_1000,5,0.001,2025-04-28,2026-10-01,2026-10-02,0.2444637523086381,0.17001757554238428,0.17551243755491966,-0.37793903350631874,275,0.44985450157145984,0.5346413274583978,0.8481799041318875,0.3304008545801538,0.46,1.27,5929406,1449525,6302306,35,16,19,1359941,41415,0.2603905562323402,4.21%,3.70%,6.13%,69.62%
3037_out_of_sample_trend_ma20_h5_cost0.001,3037,out_of_sample,trend_ma20,5,0.001,2025-04-28,2026-10-01,2026-10-02,0.2444637523086381,0.17001757554238428,0.17551243755491966,-0.37793903350631874,275,0.44985450157145984,0.5346413274583978,0.8481799041318875,0.3304008545801538,0.46,1.27,5929406,1449525,6302306,35,16,19,1359941,41415,0.2603905562323402,4.21%,3.70%,6.13%,69.62%
3443_development_base_h5_cost0,3443,development,base,5,0.0,2022-11-14,2025-03-19,2026-10-02,-0.028171702511111896,-0.012709286767078165,-0.012609714090231258,-0.3438013131471591,483,-0.03696695236774195,0.06316112161968501,0.09539408948201515,0.23661685515446207,0.37,0.97,4951062,-139480,5559923,43,16,27,1169672,-3244,0.18574454279018074,0.00%,-3.24%,1.92%,-23.25%
3443_development_volume_1000_h5_cost0,3443,development,volume_1000,5,0.0,2022-11-14,2025-03-19,2026-10-02,0.03339506161567379,0.01481216090149573,0.014947700758703013,-0.30322501298918114,483,0.04884874356332938,0.17778157261385918,0.2760110961158626,0.2313557758945347,0.37,1.04,4951062,165341,5559923,43,16,27,1183650,3845,0.1847718786202337,0.00%,-3.05%,1.80%,-18.38%
3443_development_trend_ma20_h5_cost0,3443,development,trend_ma20,5,0.0,2022-11-14,2025-03-19,2026-10-02,-0.08293062766984649,-0.038008710113611954,-0.037119925706574276,-0.38158306773026107,491,-0.09960795781557083,-0.06282878757769426,-0.09437434916502059,0.23353353694599804,0.38,0.91,5221764,-433044,5623160,42,16,26,1162594,-10311,0.1839053881441493,0.00%,-3.26%,1.93%,-25.00%
3443_development_buy_hold_50pct_h5_cost0,3443,development,buy_hold_50pct,5,0.0,2022-11-14,2025-03-19,2026-10-02,0.8856746548431322,0.3283102093085759,0.3964298632690396,-0.5007074698860583,605,0.6556926530041316,0.7877780270857794,1.177523762502963,0.5547919607049552,1.0,,4951062,4385030,4951062,1,1,0,48541,4385030,0.5164339166155046,-1.24%,-17.59%,-9.81%,-6.83%
3443_out_of_sample_base_h5_cost0,3443,out_of_sample,base,5,0.0,2025-04-29,2026-10-01,2026-10-02,0.42699677171793865,0.291768093259859,0.3074376756369158,-0.15242156138508312,156,1.9142179794545338,1.084556109015311,1.8188916939721949,0.2640075874147782,0.45,1.76,5094744,2175439,5853329,33,19,14,734256,65922,0.2040093238974154,0.00%,0.00%,6.39%,47.04%
3443_out_of_sample_volume_1000_h5_cost0,3443,out_of_sample,volume_1000,5,0.0,2025-04-29,2026-10-01,2026-10-02,0.45983891120220416,0.31310529758383154,0.331084016065587,-0.14988791201712348,143,2.0889296099345342,1.1780811950940708,2.030237414270934,0.2571680958478309,0.47,1.83,5073485,2332986,5853329,32,19,13,715492,72906,0.19866012948279202,0.00%,0.00%,6.26%,45.57%
3443_out_of_sample_trend_ma20_h5_cost0,3443,out_of_sample,trend_ma20,5,0.0,2025-04-29,2026-10-01,2026-10-02,0.42699677171793865,0.291768093259859,0.3074376756369158,-0.15242156138508312,156,1.9142179794545338,1.084556109015311,1.8188916939721949,0.2640075874147782,0.45,1.76,5094744,2175439,5853329,33,19,14,734256,65922,0.2040093238974154,0.00%,0.00%,6.39%,47.04%
3443_out_of_sample_buy_hold_50pct_h5_cost0,3443,out_of_sample,buy_hold_50pct,5,0.0,2025-03-21,2026-10-01,2026-10-02,5.818839068705079,2.632899771368039,3.910259854169813,-0.42233669528243734,95,6.234125049463886,2.2374543453532003,3.7189188686819303,0.6788945192057887,1.0,,4695476,27322216,4695476,1,1,0,148990,27322216,0.6084039134893868,-4.00%,34.11%,74.59%,485.26%
3443_full_base_h5_cost0,3443,full,base,5,0.0,2022-11-14,2026-10-01,2026-10-02,0.38897063648278873,0.09218101826734793,0.10438828582924681,-0.3845276793574818,896,0.239725312938137,0.4757617439836762,0.7509255359684043,0.24358822153902027,0.41,1.27,5234223,2035959,5853329,76,35,41,1903928,26789,0.18594681346759245,0.00%,0.00%,6.39%,47.23%
3443_full_volume_1000_h5_cost0,3443,full,volume_1000,5,0.0,2022-11-14,2026-10-01,2026-10-02,0.4204747252354815,0.09877475776632072,0.11284305725169472,-0.32800327027961995,896,0.3011395516944575,0.5030303195126414,0.7944003672184567,0.2474487926371309,0.41,1.27,4951062,2081796,5853329,75,35,40,1942155,27757,0.18831780214580165,0.00%,0.00%,6.62%,38.65%
3443_full_trend_ma20_h5_cost0,3443,full,trend_ma20,5,0.0,2022-11-14,2026-10-01,2026-10-02,0.3171641445493866,0.07673252633244743,0.08511753400047435,-0.40156476757810866,906,0.1910838114489766,0.41889772405254205,0.6644651701001959,0.23821423610616213,0.41,1.23,5285893,1676496,5853329,75,35,40,1848270,22353,0.17845822616981952,0.00%,0.00%,6.69%,47.83%
3443_full_buy_hold_50pct_h5_cost0,3443,full,buy_hold_50pct,5,0.0,2022-11-14,2026-10-01,2026-10-02,11.933666290256117,0.9877117930775738,3.2026452663946126,-0.547880541525186,838,1.8027867723281223,1.4328105429885085,2.2541187359909434,0.6078416470120742,1.0,,4951062,59084322,4951062,1,1,0,291661,59084322,0.4429205303255,-4.00%,34.11%,74.59%,485.26%
3443_out_of_sample_base_h3_cost0,3443,out_of_sample,base,3,0.0,2025-04-29,2026-10-01,2026-10-02,0.6614802347656203,0.4413071100282353,0.4762657690312467,-0.14370470049375583,161,3.070930237577098,1.4789163675694756,2.531592524563979,0.2711335664412287,0.5,1.88,4899191,3240718,6409120,44,24,20,1175701,73653,0.19392680628225728,0.00%,-7.93%,-1.94%,75.14%
3443_out_of_sample_base_h10_cost0,3443,out_of_sample,base,10,0.0,2025-04-29,2026-10-01,2026-10-02,0.42518414428905316,0.29058646770813046,0.30613258388811826,-0.16023186322114424,186,1.8135373443612592,1.013861808312155,1.650354338855433,0.28659354119473507,0.43,1.62,5144540,2187377,6354042,30,15,15,755867,72913,0.22514151320265058,0.00%,-4.43%,1.57%,51.15%
3443_out_of_sample_base_h5_cost0.001,3443,out_of_sample,base,5,0.001,2025-04-29,2026-10-01,2026-10-02,0.3702233391089481,0.2545552137575835,0.26656080415844263,-0.15679830811163975,189,1.6234563805136293,0.9611518470198954,1.5906246988130035,0.26633685020991743,0.45,1.64,5202005,1925904,5859174,33,19,14,983791,58361,0.20470171292290817,0.00%,0.00%,6.18%,43.44%
3443_out_of_sample_volume_1000_h5_cost0.001,3443,out_of_sample,volume_1000,5,0.001,2025-04-29,2026-10-01,2026-10-02,0.40800686203311815,0.27936785742546455,0.29376494066384506,-0.15515472659384344,155,1.8005758738938082,1.0609128658018083,1.8053414688904137,0.2610017153099732,0.47,1.72,5122307,2089936,5859174,32,19,13,958542,65310,0.2011209628141676,0.00%,0.00%,6.11%,42.34%
3443_out_of_sample_trend_ma20_h5_cost0.001,3443,out_of_sample,trend_ma20,5,0.001,2025-04-29,2026-10-01,2026-10-02,0.3702233391089481,0.2545552137575835,0.26656080415844263,-0.15679830811163975,189,1.6234563805136293,0.9611518470198954,1.5906246988130035,0.26633685020991743,0.45,1.64,5202005,1925904,5859174,33,19,14,983791,58361,0.20470171292290817,0.00%,0.00%,6.18%,43.44%
2357_development_base_h5_cost0,2357,development,base,5,0.0,2022-11-14,2025-03-19,2026-10-02,-0.05211628765024581,-0.023672514617484097,-0.023327361434923526,-0.14816982451801286,309,-0.15976609741213707,-0.11514175766727897,-0.20355164724643593,0.13737055278493054,0.3,0.87,5150773,-268439,4938283,27,8,19,740922,-9942,0.11083786062803654,0.00%,0.00%,1.09%,-0.81%
2357_development_volume_1000_h5_cost0,2357,development,volume_1000,5,0.0,2022-11-14,2025-03-19,2026-10-02,-0.05211628765024581,-0.023672514617484097,-0.023327361434923526,-0.14816982451801286,309,-0.15976609741213707,-0.11514175766727897,-0.20355164724643593,0.13737055278493054,0.3,0.87,5150773,-268439,4938283,27,8,19,740922,-9942,0.11083786062803654,0.00%,0.00%,1.09%,-0.81%
2357_development_trend_ma20_h5_cost0,2357,development,trend_ma20,5,0.0,2022-11-14,2025-03-19,2026-10-02,-0.05211628765024581,-0.023672514617484097,-0.023327361434923526,-0.14816982451801286,309,-0.15976609741213707,-0.11514175766727897,-0.20355164724643593,0.13737055278493054,0.3,0.87,5150773,-268439,4938283,27,8,19,740922,-9942,0.11083786062803654,0.00%,0.00%,1.09%,-0.81%
2357_development_buy_hold_50pct_h5_cost0,2357,development,buy_hold_50pct,5,0.0,2022-11-14,2025-03-19,2026-10-02,1.8127221090475487,0.5886569426112045,0.8113782797157767,-0.21962620209842176,137,2.6802673678589946,1.5226697506384133,2.538857069236673,0.34185251343855166,1.0,,4938283,8951735,4938283,1,1,0,68764,8951735,0.6111017714504204,8.33%,-6.88%,6.91%,62.65%
2357_out_of_sample_base_h5_cost0,2357,out_of_sample,base,5,0.0,2025-04-28,2026-10-01,2026-10-02,-0.11545051682443397,-0.08430841370060915,-0.08288755054061926,-0.19697848259854966,236,-0.428008240232174,-0.4240803307495607,-0.5711478331124197,0.17460790858627462,0.35,0.6,4999598,-577206,5128418,17,6,11,452368,-33953,0.15111369174565137,0.00%,-2.55%,-9.41%,-12.36%
2357_out_of_sample_volume_1000_h5_cost0,2357,out_of_sample,volume_1000,5,0.0,2025-04-28,2026-10-01,2026-10-02,-0.11545051682443397,-0.08430841370060915,-0.08288755054061926,-0.19697848259854966,236,-0.428008240232174,-0.4240803307495607,-0.5711478331124197,0.17460790858627462,0.35,0.6,4999598,-577206,5128418,17,6,11,452368,-33953,0.15111369174565137,0.00%,-2.55%,-9.41%,-12.36%
2357_out_of_sample_trend_ma20_h5_cost0,2357,out_of_sample,trend_ma20,5,0.0,2025-04-28,2026-10-01,2026-10-02,-0.11545051682443397,-0.08430841370060915,-0.08288755054061926,-0.19697848259854966,236,-0.428008240232174,-0.4240803307495607,-0.5711478331124197,0.17460790858627462,0.35,0.6,4999598,-577206,5128418,17,6,11,452368,-33953,0.15111369174565137,0.00%,-2.55%,-9.41%,-12.36%
2357_out_of_sample_buy_hold_50pct_h5_cost0,2357,out_of_sample,buy_hold_50pct,5,0.0,2025-03-21,2026-10-01,2026-10-02,0.6434684080791307,0.3963414626066064,0.43241077022917584,-0.32550180694223085,213,1.2176321425980532,0.9852851333903042,1.5403387655479803,0.43228861037521793,1.0,,4657212,2996769,4657212,1,1,0,40646,2996769,0.9135769623817627,0.84%,-4.85%,41.32%,49.46%
2357_full_base_h5_cost0,2357,full,base,5,0.0,2022-11-14,2026-10-01,2026-10-02,-0.14498377453495143,-0.041164915726900064,-0.038909383581264924,-0.18793109717862932,749,-0.2190425977653535,-0.21669808710188718,-0.3338274471679223,0.14876362310477192,0.32,0.78,5242955,-760143,4938283,44,14,30,1177410,-17276,0.11869654973520861,0.00%,-2.51%,-8.05%,-10.19%
2357_full_volume_1000_h5_cost0,2357,full,volume_1000,5,0.0,2022-11-14,2026-10-01,2026-10-02,-0.14498377453495143,-0.041164915726900064,-0.038909383581264924,-0.18793109717862932,749,-0.2190425977653535,-0.21669808710188718,-0.3338274471679223,0.14876362310477192,0.32,0.78,5242955,-760143,4938283,44,14,30,1177410,-17276,0.11869654973520861,0.00%,-2.51%,-8.05%,-10.19%
2357_full_trend_ma20_h5_cost0,2357,full,trend_ma20,5,0.0,2022-11-14,2026-10-01,2026-10-02,-0.14498377453495143,-0.041164915726900064,-0.038909383581264924,-0.18793109717862932,749,-0.2190425977653535,-0.21669808710188718,-0.3338274471679223,0.14876362310477192,0.32,0.78,5242955,-760143,4938283,44,14,30,1177410,-17276,0.11869654973520861,0.00%,-2.51%,-8.05%,-10.19%
2357_full_buy_hold_50pct_h5_cost0,2357,full,buy_hold_50pct,5,0.0,2022-11-14,2026-10-01,2026-10-02,3.649782447652081,0.5104950314724945,0.9794943309992804,-0.37799714272607954,213,1.3505261648033973,1.27295397778132,2.0494402141144237,0.3802523891884199,1.0,,4938283,18023659,4938283,1,1,0,109085,18023659,0.5032550542877333,0.84%,-4.85%,41.32%,49.46%
2357_out_of_sample_base_h3_cost0,2357,out_of_sample,base,3,0.0,2025-04-28,2026-10-01,2026-10-02,-0.08358055025696723,-0.060740384460040486,-0.06000654890243801,-0.1868721601655916,236,-0.32503709705189404,-0.3504492615695329,-0.5064994317540233,0.152240636461113,0.33,0.77,5117265,-427704,5139714,24,8,16,651254,-17821,0.12686751859737927,0.00%,-2.41%,-11.90%,-7.36%
2357_out_of_sample_base_h10_cost0,2357,out_of_sample,base,10,0.0,2025-04-28,2026-10-01,2026-10-02,-0.06849090066137861,-0.04966238536830103,-0.049172954320989774,-0.165856121009625,236,-0.2994305248789643,-0.24093328544962261,-0.34428902709258713,0.16273789732281968,0.44,0.65,5034369,-344808,5006985,16,7,9,433210,-21550,0.15614696060539227,0.00%,-2.41%,-9.44%,-7.70%
2357_out_of_sample_base_h5_cost0.001,2357,out_of_sample,base,5,0.001,2025-04-28,2026-10-01,2026-10-02,-0.135261125541417,-0.09907911538324621,-0.09711055167076094,-0.20812985018952812,236,-0.47604471580132474,-0.5234056363995304,-0.705106849714065,0.1740521092651239,0.35,0.54,5069936,-685765,5011985,17,6,11,602287,-40339,0.15031939121365526,0.00%,-2.74%,-10.57%,-13.53%
2357_out_of_sample_volume_1000_h5_cost0.001,2357,out_of_sample,volume_1000,5,0.001,2025-04-28,2026-10-01,2026-10-02,-0.135261125541417,-0.09907911538324621,-0.09711055167076094,-0.20812985018952812,236,-0.47604471580132474,-0.5234056363995304,-0.705106849714065,0.1740521092651239,0.35,0.54,5069936,-685765,5011985,17,6,11,602287,-40339,0.15031939121365526,0.00%,-2.74%,-10.57%,-13.53%
2357_out_of_sample_trend_ma20_h5_cost0.001,2357,out_of_sample,trend_ma20,5,0.001,2025-04-28,2026-10-01,2026-10-02,-0.135261125541417,-0.09907911538324621,-0.09711055167076094,-0.20812985018952812,236,-0.47604471580132474,-0.5234056363995304,-0.705106849714065,0.1740521092651239,0.35,0.54,5069936,-685765,5011985,17,6,11,602287,-40339,0.15031939121365526,0.00%,-2.74%,-10.57%,-13.53%
