run,year,account_return,observations,partial_year
6533_development_base_h5_cost0,2022,0.00017240270649954148,36,True
6533_development_base_h5_cost0,2023,-0.052897795115703694,239,False
6533_development_base_h5_cost0,2024,-0.09084384370843268,242,False
6533_development_base_h5_cost0,2025,-0.002652251857966692,47,True
6533_development_volume_1000_h5_cost0,2022,0.00017240270649954148,36,True
6533_development_volume_1000_h5_cost0,2023,-0.052897795115703694,239,False
6533_development_volume_1000_h5_cost0,2024,-0.056017995972221346,242,False
6533_development_volume_1000_h5_cost0,2025,-0.003961570170138096,47,True
6533_development_trend_ma20_h5_cost0,2022,0.00017240270649954148,36,True
6533_development_trend_ma20_h5_cost0,2023,-0.052897795115703694,239,False
6533_development_trend_ma20_h5_cost0,2024,-0.09084384370843268,242,False
6533_development_trend_ma20_h5_cost0,2025,-0.002652251857966692,47,True
6533_development_buy_hold_50pct_h5_cost0,2022,-0.005173568847501309,36,True
6533_development_buy_hold_50pct_h5_cost0,2023,-0.015320159902007302,239,False
6533_development_buy_hold_50pct_h5_cost0,2024,-0.06380994615800384,242,False
6533_development_buy_hold_50pct_h5_cost0,2025,-0.04526607428063256,47,True
6533_out_of_sample_base_h5_cost0,2025,-0.09741727452075,196,True
6533_out_of_sample_base_h5_cost0,2026,0.16208490379352436,180,True
6533_out_of_sample_volume_1000_h5_cost0,2025,-0.07642136741750016,196,True
6533_out_of_sample_volume_1000_h5_cost0,2026,0.1241081218509692,180,True
6533_out_of_sample_trend_ma20_h5_cost0,2025,-0.10309484291500004,196,True
6533_out_of_sample_trend_ma20_h5_cost0,2026,0.1569281995160392,180,True
6533_out_of_sample_buy_hold_50pct_h5_cost0,2025,-0.165081720753249,196,True
6533_out_of_sample_buy_hold_50pct_h5_cost0,2026,0.1758292262237251,180,True
6533_full_base_h5_cost0,2022,0.00017240270649954148,36,True
6533_full_base_h5_cost0,2023,-0.052897795115703694,239,False
6533_full_base_h5_cost0,2024,-0.09084384370843268,242,False
6533_full_base_h5_cost0,2025,-0.09800145137667882,243,False
6533_full_base_h5_cost0,2026,0.16148773283517426,180,True
6533_full_volume_1000_h5_cost0,2022,0.00017240270649954148,36,True
6533_full_volume_1000_h5_cost0,2023,-0.052897795115703694,239,False
6533_full_volume_1000_h5_cost0,2024,-0.056017995972221346,242,False
6533_full_volume_1000_h5_cost0,2025,-0.08138069961714767,243,False
6533_full_volume_1000_h5_cost0,2026,0.13175675503583317,180,True
6533_full_trend_ma20_h5_cost0,2022,0.00017240270649954148,36,True
6533_full_trend_ma20_h5_cost0,2023,-0.052897795115703694,239,False
6533_full_trend_ma20_h5_cost0,2024,-0.09084384370843268,242,False
6533_full_trend_ma20_h5_cost0,2025,-0.10550332229435189,243,False
6533_full_trend_ma20_h5_cost0,2026,0.16233932918094607,180,True
6533_full_buy_hold_50pct_h5_cost0,2022,-0.005173568847501309,36,True
6533_full_buy_hold_50pct_h5_cost0,2023,-0.015320159902007302,239,False
6533_full_buy_hold_50pct_h5_cost0,2024,-0.06380994615800384,242,False
6533_full_buy_hold_50pct_h5_cost0,2025,-0.17884864608974227,243,False
6533_full_buy_hold_50pct_h5_cost0,2026,0.14995530944216595,180,True
6533_out_of_sample_base_h3_cost0,2025,-0.09741727452075,196,True
6533_out_of_sample_base_h3_cost0,2026,0.2507677010418292,180,True
6533_out_of_sample_base_h10_cost0,2025,-0.09741727452075,196,True
6533_out_of_sample_base_h10_cost0,2026,0.2191026011466093,180,True
6533_out_of_sample_base_h5_cost0.001,2025,-0.10478928584449965,196,True
6533_out_of_sample_base_h5_cost0.001,2026,0.14915655043819842,180,True
6533_out_of_sample_volume_1000_h5_cost0.001,2025,-0.08006837131750022,196,True
6533_out_of_sample_volume_1000_h5_cost0.001,2026,0.11668083158144715,180,True
6533_out_of_sample_trend_ma20_h5_cost0.001,2025,-0.11119723431500028,196,True
6533_out_of_sample_trend_ma20_h5_cost0.001,2026,0.15529711605602592,180,True
3037_development_base_h5_cost0,2022,-0.06631372504450017,36,True
3037_development_base_h5_cost0,2023,-0.10987835088091003,239,False
3037_development_base_h5_cost0,2024,0.036076981599703295,242,False
3037_development_base_h5_cost0,2025,-0.04375135897210125,47,True
3037_development_volume_1000_h5_cost0,2022,-0.06631372504450017,36,True
3037_development_volume_1000_h5_cost0,2023,-0.10987835088091003,239,False
3037_development_volume_1000_h5_cost0,2024,0.036076981599703295,242,False
3037_development_volume_1000_h5_cost0,2025,-0.04375135897210125,47,True
3037_development_trend_ma20_h5_cost0,2022,-0.06631372504450017,36,True
3037_development_trend_ma20_h5_cost0,2023,-0.10987835088091003,239,False
3037_development_trend_ma20_h5_cost0,2024,0.036076981599703295,242,False
3037_development_trend_ma20_h5_cost0,2025,-0.026525349468854098,47,True
3037_development_buy_hold_50pct_h5_cost0,2022,-0.1251001013284997,36,True
3037_development_buy_hold_50pct_h5_cost0,2023,0.2285636337410084,239,False
3037_development_buy_hold_50pct_h5_cost0,2024,-0.09825204953168121,242,False
3037_development_buy_hold_50pct_h5_cost0,2025,-0.11583371614680538,47,True
3037_out_of_sample_base_h5_cost0,2025,-0.09937018151675003,196,True
3037_out_of_sample_base_h5_cost0,2026,0.3578488038926113,180,True
3037_out_of_sample_volume_1000_h5_cost0,2025,-0.09937018151675003,196,True
3037_out_of_sample_volume_1000_h5_cost0,2026,0.3578488038926113,180,True
3037_out_of_sample_trend_ma20_h5_cost0,2025,-0.09937018151675003,196,True
3037_out_of_sample_trend_ma20_h5_cost0,2026,0.3578488038926113,180,True
3037_out_of_sample_buy_hold_50pct_h5_cost0,2025,0.5133728244119995,196,True
3037_out_of_sample_buy_hold_50pct_h5_cost0,2026,2.9518326898302023,180,True
3037_full_base_h5_cost0,2022,-0.06631372504450017,36,True
3037_full_base_h5_cost0,2023,-0.10987835088091003,239,False
3037_full_base_h5_cost0,2024,0.036076981599703295,242,False
3037_full_base_h5_cost0,2025,-0.13974445342430053,243,False
3037_full_base_h5_cost0,2026,0.3502617754174684,180,True
3037_full_volume_1000_h5_cost0,2022,-0.06631372504450017,36,True
3037_full_volume_1000_h5_cost0,2023,-0.10987835088091003,239,False
3037_full_volume_1000_h5_cost0,2024,0.036076981599703295,242,False
3037_full_volume_1000_h5_cost0,2025,-0.13974445342430053,243,False
3037_full_volume_1000_h5_cost0,2026,0.3502617754174684,180,True
3037_full_trend_ma20_h5_cost0,2022,-0.06631372504450017,36,True
3037_full_trend_ma20_h5_cost0,2023,-0.10987835088091003,239,False
3037_full_trend_ma20_h5_cost0,2024,0.036076981599703295,242,False
3037_full_trend_ma20_h5_cost0,2025,-0.12244419172806742,243,False
3037_full_trend_ma20_h5_cost0,2026,0.33585761992036756,180,True
3037_full_buy_hold_50pct_h5_cost0,2022,-0.1251001013284997,36,True
3037_full_buy_hold_50pct_h5_cost0,2023,0.2285636337410084,239,False
3037_full_buy_hold_50pct_h5_cost0,2024,-0.09825204953168121,242,False
3037_full_buy_hold_50pct_h5_cost0,2025,0.28635817805756036,243,False
3037_full_buy_hold_50pct_h5_cost0,2026,2.648229784696081,180,True
3037_out_of_sample_base_h3_cost0,2025,-0.1595145282954996,196,True
3037_out_of_sample_base_h3_cost0,2026,0.1866118797555414,180,True
3037_out_of_sample_base_h10_cost0,2025,-0.10174484781525062,196,True
3037_out_of_sample_base_h10_cost0,2026,0.27147692044113714,180,True
3037_out_of_sample_base_h5_cost0.001,2025,-0.11533076289699973,196,True
3037_out_of_sample_base_h5_cost0.001,2026,0.29421533853357684,180,True
3037_out_of_sample_volume_1000_h5_cost0.001,2025,-0.11533076289699973,196,True
3037_out_of_sample_volume_1000_h5_cost0.001,2026,0.29421533853357684,180,True
3037_out_of_sample_trend_ma20_h5_cost0.001,2025,-0.11533076289699973,196,True
3037_out_of_sample_trend_ma20_h5_cost0.001,2026,0.29421533853357684,180,True
3443_development_base_h5_cost0,2022,-0.008923835364999855,36,True
3443_development_base_h5_cost0,2023,0.185971646537761,239,False
3443_development_base_h5_cost0,2024,-0.15453440022903975,242,False
3443_development_base_h5_cost0,2025,-0.007746714698788737,47,True
3443_development_volume_1000_h5_cost0,2022,-0.008923835364999855,36,True
3443_development_volume_1000_h5_cost0,2023,0.185971646537761,239,False
3443_development_volume_1000_h5_cost0,2024,-0.12860076742473248,242,False
3443_development_volume_1000_h5_cost0,2025,-0.007516165431669775,47,True
3443_development_trend_ma20_h5_cost0,2022,-0.008923835364999855,36,True
3443_development_trend_ma20_h5_cost0,2023,0.16428018913633413,239,False
3443_development_trend_ma20_h5_cost0,2024,-0.16422397387373378,242,False
3443_development_trend_ma20_h5_cost0,2025,-0.007982526935235157,47,True
3443_development_buy_hold_50pct_h5_cost0,2022,-0.0036589023939997967,36,True
3443_development_buy_hold_50pct_h5_cost0,2023,0.858009071445585,239,False
3443_development_buy_hold_50pct_h5_cost0,2024,-0.15330474539528927,242,False
3443_development_buy_hold_50pct_h5_cost0,2025,-0.08224285142170673,47,True
3443_out_of_sample_base_h5_cost0,2025,0.007557299416499186,196,True
3443_out_of_sample_base_h5_cost0,2026,0.20841158108165048,180,True
3443_out_of_sample_volume_1000_h5_cost0,2025,0.023311973327250435,196,True
3443_out_of_sample_volume_1000_h5_cost0,2026,0.2052029246945959,180,True
3443_out_of_sample_trend_ma20_h5_cost0,2025,0.007557299416499186,196,True
3443_out_of_sample_trend_ma20_h5_cost0,2026,0.20841158108165048,180,True
3443_out_of_sample_buy_hold_50pct_h5_cost0,2025,0.37285344685499866,196,True
3443_out_of_sample_buy_hold_50pct_h5_cost0,2026,1.718587082550545,180,True
3443_full_base_h5_cost0,2022,-0.008923835364999855,36,True
3443_full_base_h5_cost0,2023,0.185971646537761,239,False
3443_full_base_h5_cost0,2024,-0.15453440022903975,242,False
3443_full_base_h5_cost0,2025,-0.00014188751192922844,243,False
3443_full_base_h5_cost0,2026,0.21133719931972927,180,True
3443_full_volume_1000_h5_cost0,2022,-0.008923835364999855,36,True
3443_full_volume_1000_h5_cost0,2023,0.185971646537761,239,False
3443_full_volume_1000_h5_cost0,2024,-0.12860076742473248,242,False
3443_full_volume_1000_h5_cost0,2025,0.00955828120517932,243,False
3443_full_volume_1000_h5_cost0,2026,0.1684270640681358,180,True
3443_full_trend_ma20_h5_cost0,2022,-0.008923835364999855,36,True
3443_full_trend_ma20_h5_cost0,2023,0.16428018913633413,239,False
3443_full_trend_ma20_h5_cost0,2024,-0.16422397387373378,242,False
3443_full_trend_ma20_h5_cost0,2025,0.006942480212470459,243,False
3443_full_trend_ma20_h5_cost0,2026,0.20241231253964664,180,True
3443_full_buy_hold_50pct_h5_cost0,2022,-0.0036589023939997967,36,True
3443_full_buy_hold_50pct_h5_cost0,2023,0.858009071445585,239,False
3443_full_buy_hold_50pct_h5_cost0,2024,-0.15330474539528927,242,False
3443_full_buy_hold_50pct_h5_cost0,2025,0.3970141476261124,243,False
3443_full_buy_hold_50pct_h5_cost0,2026,2.154973348198264,180,True
3443_out_of_sample_base_h3_cost0,2025,0.10533118483349901,196,True
3443_out_of_sample_base_h3_cost0,2026,0.19789598312966006,180,True
3443_out_of_sample_base_h10_cost0,2025,0.021644383421499436,196,True
3443_out_of_sample_base_h10_cost0,2026,0.19291773178787652,180,True
3443_out_of_sample_base_h5_cost0.001,2025,-0.006000442003500583,196,True
3443_out_of_sample_base_h5_cost0.001,2026,0.19978963663930416,180,True
3443_out_of_sample_volume_1000_h5_cost0.001,2025,0.010402834097249514,196,True
3443_out_of_sample_volume_1000_h5_cost0.001,2026,0.19654617327868262,180,True
3443_out_of_sample_trend_ma20_h5_cost0.001,2025,-0.006000442003500583,196,True
3443_out_of_sample_trend_ma20_h5_cost0.001,2026,0.19978963663930416,180,True
2357_development_base_h5_cost0,2022,-0.026118328613749853,36,True
2357_development_base_h5_cost0,2023,0.023590921979050217,239,False
2357_development_base_h5_cost0,2024,-0.02906862499095042,242,False
2357_development_base_h5_cost0,2025,0.005452013401974876,47,True
2357_development_volume_1000_h5_cost0,2022,-0.026118328613749853,36,True
2357_development_volume_1000_h5_cost0,2023,0.023590921979050217,239,False
2357_development_volume_1000_h5_cost0,2024,-0.02906862499095042,242,False
2357_development_volume_1000_h5_cost0,2025,0.005452013401974876,47,True
2357_development_trend_ma20_h5_cost0,2022,-0.026118328613749853,36,True
2357_development_trend_ma20_h5_cost0,2023,0.023590921979050217,239,False
2357_development_trend_ma20_h5_cost0,2024,-0.02906862499095042,242,False
2357_development_trend_ma20_h5_cost0,2025,0.005452013401974876,47,True
2357_development_buy_hold_50pct_h5_cost0,2022,0.033444996020000284,36,True
2357_development_buy_hold_50pct_h5_cost0,2023,0.46684710057917966,239,False
2357_development_buy_hold_50pct_h5_cost0,2024,0.20226329420008105,242,False
2357_development_buy_hold_50pct_h5_cost0,2025,0.039865500819862065,47,True
2357_out_of_sample_base_h5_cost0,2025,0.004611439461500222,196,True
2357_out_of_sample_base_h5_cost0,2026,-0.062045938908889764,180,True
2357_out_of_sample_volume_1000_h5_cost0,2025,0.004611439461500222,196,True
2357_out_of_sample_volume_1000_h5_cost0,2026,-0.062045938908889764,180,True
2357_out_of_sample_trend_ma20_h5_cost0,2025,0.004611439461500222,196,True
2357_out_of_sample_trend_ma20_h5_cost0,2026,-0.062045938908889764,180,True
2357_out_of_sample_buy_hold_50pct_h5_cost0,2025,-0.05544868833399885,196,True
2357_out_of_sample_buy_hold_50pct_h5_cost0,2026,0.37597275617946857,180,True
2357_full_base_h5_cost0,2022,-0.026118328613749853,36,True
2357_full_base_h5_cost0,2023,0.023590921979050217,239,False
2357_full_base_h5_cost0,2024,-0.02906862499095042,242,False
2357_full_base_h5_cost0,2025,0.007637572489406219,243,False
2357_full_base_h5_cost0,2026,-0.05258615840274572,180,True
2357_full_volume_1000_h5_cost0,2022,-0.026118328613749853,36,True
2357_full_volume_1000_h5_cost0,2023,0.023590921979050217,239,False
2357_full_volume_1000_h5_cost0,2024,-0.02906862499095042,242,False
2357_full_volume_1000_h5_cost0,2025,0.007637572489406219,243,False
2357_full_volume_1000_h5_cost0,2026,-0.05258615840274572,180,True
2357_full_trend_ma20_h5_cost0,2022,-0.026118328613749853,36,True
2357_full_trend_ma20_h5_cost0,2023,0.023590921979050217,239,False
2357_full_trend_ma20_h5_cost0,2024,-0.02906862499095042,242,False
2357_full_trend_ma20_h5_cost0,2025,0.007637572489406219,243,False
2357_full_trend_ma20_h5_cost0,2026,-0.05258615840274572,180,True
2357_full_buy_hold_50pct_h5_cost0,2022,0.033444996020000284,36,True
2357_full_buy_hold_50pct_h5_cost0,2023,0.46684710057917966,239,False
2357_full_buy_hold_50pct_h5_cost0,2024,0.20226329420008105,242,False
2357_full_buy_hold_50pct_h5_cost0,2025,-0.0469289218979847,243,False
2357_full_buy_hold_50pct_h5_cost0,2026,0.6133468439388119,180,True
2357_out_of_sample_base_h3_cost0,2025,-0.005417873632499903,196,True
2357_out_of_sample_base_h3_cost0,2026,-0.0375559794005369,180,True
2357_out_of_sample_base_h10_cost0,2025,0.004611439461500222,196,True
2357_out_of_sample_base_h10_cost0,2026,-0.038912844274353486,180,True
2357_out_of_sample_base_h5_cost0.001,2025,1.8737841500193753e-05,196,True
2357_out_of_sample_base_h5_cost0.001,2026,-0.06859398259682581,180,True
2357_out_of_sample_volume_1000_h5_cost0.001,2025,1.8737841500193753e-05,196,True
2357_out_of_sample_volume_1000_h5_cost0.001,2026,-0.06859398259682581,180,True
2357_out_of_sample_trend_ma20_h5_cost0.001,2025,1.8737841500193753e-05,196,True
2357_out_of_sample_trend_ma20_h5_cost0.001,2026,-0.06859398259682581,180,True
