,Strategy
StartDate,2022-11-14
EndDate,2026-10-01
BacktestDate,2026-10-02
TotalReturns,11.933666290256117
CAGR,0.9877117930775738
AAR,3.2026452663946126
MaxDrawdown,-0.547880541525186
MddDuration,838
CalmarRatio,1.8027867723281223
SharpeRatio,1.4328105429885085
SortinoRatio,2.2541187359909434
AnnualisedVolatility,0.6078416470120742
WinRate,1.0
ProfitLossRatio,
Invest,4951062
NetProfit,59084322
MaxPosition,4951062
TotalTrades,1
ProfitTimes,1
LossTimes,0
TradeCost,291661
AvgProfitPerTrade,59084322
AvgCashUtilizationRate,0.4429205303255
WeeklyReturn,-4.00%
MonthlyReturn,34.11%
QuarterlyReturn,74.59%
AnnualReturn,485.26%
