DateTime,equity,account_return,drawdown
2022-11-11,10000000.0,0.0,0.0
2022-11-14,9940069.986715,-0.005993001328500003,-0.005993001328500003
2022-11-15,10017412.986715,0.001741298671499969,0.0
2022-11-16,10032878.986715,0.0032878986714999225,0.0
2022-11-17,9940069.986715,-0.005993001328500003,-0.009250485341534831
2022-11-18,9800853.986715002,-0.01991460132849976,-0.02312646253455597
2022-11-21,9893665.986715,-0.010633401328499992,-0.013875678176158424
2022-11-22,9862726.986715,-0.013727301328499975,-0.016959439082770422
2022-11-23,9785384.986715002,-0.021461501328499777,-0.024668293151718146
2022-11-24,9909131.986715,-0.009086801328500038,-0.012334146575859184
2022-11-25,9878196.986715,-0.01218030132850001,-0.0154175087933206
2022-11-28,9847257.986715,-0.015274201328499992,-0.018501269699932488
2022-11-29,9708044.986715,-0.029195501328500018,-0.03237694787609102
2022-11-30,9847257.986715,-0.015274201328499992,-0.018501269699932488
2022-12-01,9971004.986715002,-0.0028995013284998095,-0.006167123124073193
2022-12-02,10001943.986715,0.0001943986715000623,-0.003083362217461416
2022-12-05,10172094.986715,0.017209498671500123,0.0
2022-12-06,10079286.986715,0.007928698671499923,-0.009123784247120126
2022-12-07,9677106.986715,-0.03228930132849994,-0.04866136234929641
2022-12-08,9661636.986715,-0.03383630132850002,-0.050182189673481314
2022-12-09,9661636.986715,-0.03383630132850002,-0.050182189673481314
2022-12-12,9677106.986715,-0.03228930132849994,-0.04866136234929641
2022-12-13,9553358.986715,-0.04466410132849996,-0.06082680124478623
2022-12-14,9599763.986715,-0.040023601328500025,-0.05626481081306045
2022-12-15,9646167.986715,-0.035383201328500036,-0.05170291868950039
2022-12-16,9429611.986715,-0.05703880132850003,-0.07299214183211034
2022-12-19,9383207.986715,-0.06167920132850002,-0.0775540339556704
2022-12-20,8950088.986715,-0.10499110132849998,-0.12013316839805066
2022-12-21,8764468.986715,-0.12355310132849995,-0.1383811301249539
2022-12-22,8810872.986715,-0.11891270132849996,-0.13381923800139384
2022-12-23,8903684.986715,-0.10963150132849997,-0.12469506052161072
2022-12-26,8841810.986715,-0.11581890132850003,-0.1307777799693557
2022-12-27,8826341.986715,-0.11736580132849994,-0.13229850898537476
2022-12-28,8748998.986715,-0.12510010132850002,-0.1399019574491388
2022-12-29,8795406.986715,-0.12045930132850002,-0.13533967209291575
2022-12-30,8748998.986715,-0.12510010132850002,-0.1399019574491388
2023-01-03,8810872.986715,-0.11891270132849996,-0.13381923800139384
2023-01-04,8748998.986715,-0.12510010132850002,-0.1399019574491388
2023-01-05,8718063.986715,-0.1281936013285,-0.1429431205566798
2023-01-06,8841810.986715,-0.11581890132850003,-0.1307777799693557
2023-01-09,8981027.986715,-0.1018972013285,-0.11709161205784668
2023-01-10,8950088.986715,-0.10499110132849998,-0.12013316839805066
2023-01-11,8996496.986715,-0.10035030132849998,-0.11557088304182761
2023-01-12,8903684.986715,-0.10963150132849997,-0.12469506052161072
2023-01-13,8934622.986715,-0.10653770132849993,-0.12165360248957247
2023-01-16,8996496.986715,-0.10035030132849998,-0.11557088304182761
2023-01-17,8965558.986715,-0.10344410132850002,-0.11861234107386576
2023-01-30,9243990.986715,-0.07560090132849995,-0.0912402018671794
2023-01-31,9259456.986715,-0.0740543013285,-0.08971976777565749
2023-02-01,9414142.986715,-0.05858570132849994,-0.07451287084812941
2023-02-02,9476016.986715,-0.052398301328499985,-0.06843015140038455
2023-02-03,9274926.986715,-0.07250730132850003,-0.0881989404514727
2023-02-06,9027431.986715,-0.09725680132850001,-0.11252971993428662
2023-02-07,9058370.986715,-0.09416290132850003,-0.10948816359408264
2023-02-08,9104774.986715,-0.08952250132850004,-0.10492627147052258
2023-02-09,9135709.986715,-0.08642900132849995,-0.10188510836298159
2023-02-10,9027431.986715,-0.09725680132850001,-0.11252971993428662
2023-02-13,9011962.986715,-0.09880370132850003,-0.1140504489503057
2023-02-14,9104774.986715,-0.08952250132850004,-0.10492627147052258
2023-02-15,9290395.986715,-0.07096040132850001,-0.08667821143545351
2023-02-16,9321333.986715,-0.06786660132849998,-0.08363675340341536
2023-02-17,9243990.986715,-0.07560090132849995,-0.0912402018671794
2023-02-20,9259456.986715,-0.0740543013285,-0.08971976777565749
2023-02-21,9290395.986715,-0.07096040132850001,-0.08667821143545351
2023-02-22,9166648.986715,-0.08333510132849997,-0.09884355202277761
2023-02-23,9182117.986715,-0.08178820132849995,-0.09732282300675854
2023-02-24,8996496.986715,-0.10035030132849998,-0.11557088304182761
2023-03-01,9104774.986715,-0.08952250132850004,-0.10492627147052258
2023-03-02,9182117.986715,-0.08178820132849995,-0.09732282300675854
2023-03-03,9259456.986715,-0.0740543013285,-0.08971976777565749
2023-03-06,9321333.986715,-0.06786660132849998,-0.08363675340341536
2023-03-07,9259456.986715,-0.0740543013285,-0.08971976777565749
2023-03-08,9274926.986715,-0.07250730132850003,-0.0881989404514727
2023-03-09,9243990.986715,-0.07560090132849995,-0.0912402018671794
2023-03-10,9104774.986715,-0.08952250132850004,-0.10492627147052258
2023-03-13,9166648.986715,-0.08333510132849997,-0.09884355202277761
2023-03-14,9073836.986715,-0.09261630132849996,-0.10796772950256084
2023-03-15,9089305.986715,-0.09106940132849994,-0.10644700048654165
2023-03-16,9042900.986715,-0.09570990132849999,-0.11100899091826755
2023-03-17,9182117.986715,-0.08178820132849995,-0.09732282300675854
2023-03-20,9228521.986715,-0.07714780132849997,-0.09276093088319848
2023-03-21,9321333.986715,-0.06786660132849998,-0.08363675340341536
2023-03-22,9367738.986715,-0.06322610132850004,-0.07907476297168958
2023-03-23,9553358.986715,-0.04466410132849996,-0.06082680124478623
2023-03-24,9615232.986715,-0.03847670132850001,-0.05474408179704138
2023-03-27,9537889.986715,-0.04621100132849998,-0.06234753026080542
2023-03-28,9321333.986715,-0.06786660132849998,-0.08363675340341536
2023-03-29,9383207.986715,-0.06167920132850002,-0.0775540339556704
2023-03-30,9599763.986715,-0.040023601328500025,-0.05626481081306045
2023-03-31,9599763.986715,-0.040023601328500025,-0.05626481081306045
2023-04-06,9491485.986715,-0.05085140132849997,-0.06690942238436548
2023-04-07,9506954.986715,-0.04930450132849995,-0.0653886933683463
2023-04-10,9506954.986715,-0.04930450132849995,-0.0653886933683463
2023-04-11,9460546.986715,-0.05394530132849995,-0.06995097872456935
2023-04-12,9429611.986715,-0.05703880132850003,-0.07299214183211034
2023-04-13,9352268.986715,-0.0647731013285,-0.08059559029587438
2023-04-14,9336799.986715,-0.06632000132850002,-0.08211631931189345
2023-04-17,9336799.986715,-0.06632000132850002,-0.08211631931189345
2023-04-18,9259456.986715,-0.0740543013285,-0.08971976777565749
2023-04-19,9135709.986715,-0.08642900132849995,-0.10188510836298159
2023-04-20,9228521.986715,-0.07714780132849997,-0.09276093088319848
2023-04-21,9259456.986715,-0.0740543013285,-0.08971976777565749
2023-04-24,9352268.986715,-0.0647731013285,-0.08059559029587438
2023-04-25,9213052.986715,-0.07869470132849998,-0.09428165989921755
2023-04-26,9336799.986715,-0.06632000132850002,-0.08211631931189345
2023-04-27,9259456.986715,-0.0740543013285,-0.08971976777565749
2023-04-28,9522420.986715,-0.047757901328499996,-0.06386825927682449
2023-05-02,9476016.986715,-0.052398301328499985,-0.06843015140038455
2023-05-03,9584294.986715,-0.04157050132850004,-0.057785539829079524
2023-05-04,9630701.986715,-0.03692980132849999,-0.05322335278102219
2023-05-05,9754448.986715002,-0.024555101328499807,-0.04105801219369798
2023-05-08,10017412.986715,0.001741298671499969,-0.015206503694865092
2023-05-09,10001943.986715,0.0001943986715000623,-0.016727232710884166
2023-05-10,9924600.986715,-0.0075399013285000205,-0.024330681174648205
2023-05-11,9862726.986715,-0.013727301328499975,-0.030413400622393172
2023-05-12,9986474.986715,-0.0013525013284999554,-0.01824796172690324
2023-05-15,9862726.986715,-0.013727301328499975,-0.030413400622393172
2023-05-16,10017412.986715,0.001741298671499969,-0.015206503694865092
2023-05-17,10141159.986715,0.01411599867150004,-0.0030411631075409895
2023-05-18,10218502.986715,0.0218502986714999,0.0
2023-05-19,10295842.986715,0.02958429867150003,0.0
2023-05-22,10017412.986715,0.001741298671499969,-0.02704295319569905
2023-05-23,10203033.986715,0.020303398671499995,-0.009014220605321421
2023-05-24,10218502.986715,0.0218502986714999,-0.007511769565619275
2023-05-25,10620679.986715,0.062067998671500035,0.0
2023-05-26,10775364.986715,0.07753649867149992,0.0
2023-05-29,10682556.986715,0.06825569867149994,-0.008612979710146518
2023-05-30,10605213.986715,0.06052139867150008,-0.015790741214778303
2023-05-31,10620682.986715,0.06206829867149999,-0.014355151792139642
2023-06-01,10636148.986715,0.06361489867149994,-0.012919840782343761
2023-06-02,10667086.986715,0.06670869867149998,-0.010048661937066328
2023-06-05,10636148.986715,0.06361489867149994,-0.012919840782343761
2023-06-06,10512401.986715,0.05124019867150009,-0.02440409214204886
2023-06-07,10481466.986715,0.04814669867150001,-0.027274992574483403
2023-06-08,10203033.986715,0.020303398671499995,-0.05311476694345196
2023-06-09,10342249.986715,0.03422499867149997,-0.0401949261611082
2023-06-12,10373184.986715,0.037318498671500056,-0.03732402572867366
2023-06-13,10605213.986715,0.06052139867150008,-0.015790741214778303
2023-06-14,10620682.986715,0.06206829867149999,-0.014355151792139642
2023-06-15,10806303.986715,0.08063039867150001,0.0
2023-06-16,10899112.986715,0.08991129867150005,0.0
2023-06-19,10775364.986715,0.07753649867149992,-0.011353951477596103
2023-06-20,10868176.986715,0.08681769867149991,-0.0028383961188133133
2023-06-21,10821769.986715,0.08217699867149997,-0.0070962655487903925
2023-06-26,10605213.986715,0.06052139867150008,-0.026965405382826657
2023-06-27,10512401.986715,0.05124019867150009,-0.035480960741609446
2023-06-28,10388654.986715,0.03886549867150002,-0.046834820468619864
2023-06-29,10419592.986715,0.041959298671500056,-0.04399624084863507
2023-06-30,10481466.986715,0.04814669867150001,-0.038319265109837075
2023-07-03,10589744.986715,0.05897449867149995,-0.028384695192818943
2023-07-04,10605213.986715,0.06052139867150008,-0.026965405382826657
2023-07-05,10543339.986715,0.054333998671499906,-0.03264238112162465
2023-07-06,10264906.986715,0.026490698671500112,-0.05818877194621597
2023-07-07,10295845.986715,0.029584598671499984,-0.0553501005756456
2023-07-10,10203033.986715,0.020303398671499995,-0.06386565593442839
2023-07-11,10264906.986715,0.026490698671500112,-0.05818877194621597
2023-07-12,10326780.986715,0.032678098671500067,-0.05251179620741786
2023-07-13,10732474.986715,0.07324749867149993,-0.015289134097712043
2023-07-14,11105709.986715,0.1105709986715,0.0
2023-07-17,10943431.986715,0.09434319867149998,-0.014612122970446895
2023-07-18,11527627.986715,0.1527627986715001,0.0
2023-07-19,11624991.986715,0.1624991986715001,0.0
2023-07-20,11414034.986715,0.14140349867150004,-0.01814685121857129
2023-07-21,11219301.986715,0.12193019867150001,-0.034898088571899355
2023-07-24,11511399.986715,0.15113999867150008,-0.009771361574254178
2023-07-25,11381579.986715,0.13815799867150003,-0.020938681100010292
2023-07-26,11446489.986715,0.14464899867150005,-0.01535502133713218
2023-07-27,11219301.986715,0.12193019867150001,-0.034898088571899355
2023-07-28,11235529.986715,0.12355299867150005,-0.03350213062039753
2023-07-31,11024572.986715,0.1024572986715,-0.05164898183896871
2023-08-01,11073254.986715,0.10732549867149999,-0.047461280027592534
2023-08-02,10878521.986715,0.08785219867149996,-0.0642125173809206
2023-08-04,10797384.986715,0.07973849867149996,-0.07119204907373577
2023-08-07,10943431.986715,0.09434319867149998,-0.058628857618042596
2023-08-08,10829838.986715,0.08298389867149991,-0.06840030521386153
2023-08-09,11008344.986715,0.10083449867149996,-0.053044939790470536
2023-08-10,10781156.986715,0.07811569867149992,-0.07258800702523771
2023-08-11,10700019.986715,0.07000199867149992,-0.07956753871805289
2023-08-14,10570196.986715,0.05701969867149992,-0.09073511630850295
2023-08-15,10732474.986715,0.07324749867149993,-0.07677570883661389
2023-08-16,10813611.986715,0.08136119867149993,-0.0697961771437986
2023-08-17,10894748.986715,0.08947489867149994,-0.06281664545098342
2023-08-18,10700019.986715,0.07000199867149992,-0.07956753871805289
2023-08-21,10635109.986715,0.06351099867150012,-0.08515119848093089
2023-08-22,10748701.986715,0.07487019867149991,-0.07537983690667671
2023-08-23,10781156.986715,0.07811569867149992,-0.07258800702523771
2023-08-24,11170619.986715,0.11706199867150002,-0.03908579038327553
2023-08-25,10862293.986715,0.08622939867149992,-0.06560847533242242
2023-08-28,10748701.986715,0.07487019867149991,-0.07537983690667671
2023-08-29,11008344.986715,0.10083449867149996,-0.053044939790470536
2023-08-30,11008344.986715,0.10083449867149996,-0.053044939790470536
2023-08-31,11057026.986715,0.10570269867149995,-0.04885723797909436
2023-09-01,10943431.986715,0.09434319867149998,-0.058628857618042596
2023-09-04,11040799.986715,0.10407999867149997,-0.050253109909031535
2023-09-05,11089481.986715,0.10894819867149996,-0.04606540809765536
2023-09-06,11105709.986715,0.1105709986715,-0.04466945014615353
2023-09-07,11024572.986715,0.1024572986715,-0.05164898183896871
2023-09-08,10910976.986715,0.09109769867149997,-0.0614206874994816
2023-09-11,10862293.986715,0.08622939867149992,-0.06560847533242242
2023-09-12,11040799.986715,0.10407999867149997,-0.050253109909031535
2023-09-13,10927203.986715,0.09272039867149995,-0.06002481556954442
2023-09-14,11073254.986715,0.10732549867149999,-0.047461280027592534
2023-09-15,11219301.986715,0.12193019867150001,-0.034898088571899355
2023-09-18,11024572.986715,0.1024572986715,-0.05164898183896871
2023-09-19,11154391.986715,0.11543919867149999,-0.04048174833477736
2023-09-20,10992117.986715,0.09921179867149998,-0.05444081172040771
2023-09-21,10894748.986715,0.08947489867149994,-0.06281664545098342
2023-09-22,10910976.986715,0.09109769867149997,-0.0614206874994816
2023-09-25,10829838.986715,0.08298389867149991,-0.06840030521386153
2023-09-26,10748701.986715,0.07487019867149991,-0.07537983690667671
2023-09-27,10667564.986715,0.06675649867149991,-0.08235936859949189
2023-09-28,10667564.986715,0.06675649867149991,-0.08235936859949189
2023-10-02,10829838.986715,0.08298389867149991,-0.06840030521386153
2023-10-03,10732474.986715,0.07324749867149993,-0.07677570883661389
2023-10-04,10683791.986715,0.06837919867150011,-0.08096349666955471
2023-10-05,10635109.986715,0.06351099867150012,-0.08515119848093089
2023-10-06,10635109.986715,0.06351099867150012,-0.08515119848093089
2023-10-11,10602650.986715,0.060265098671500095,-0.0879433724486286
2023-10-12,10602650.986715,0.060265098671500095,-0.0879433724486286
2023-10-13,10521513.986715,0.05215139867150009,-0.09492290414144378
2023-10-16,10375466.986715,0.03754669867150007,-0.10748609559713695
2023-10-17,10440376.986715,0.04403769867150009,-0.10190243583425895
2023-10-18,10229415.986715,0.02294159867150003,-0.12004963113908895
2023-10-19,10229415.986715,0.02294159867150003,-0.12004963113908895
2023-10-20,10261870.986715,0.026187098671500042,-0.11725780125764984
2023-10-23,10180733.986715,0.01807339867150004,-0.12423733295046513
2023-10-24,10132050.986715,0.013205098671499993,-0.12842512078340595
2023-10-25,10132050.986715,0.013205098671499993,-0.12842512078340595
2023-10-26,9872407.986715,-0.012759201328499947,-0.15076001789961202
2023-10-27,9807497.986715002,-0.01925020132849975,-0.1563436776624899
2023-10-30,9758815.986715002,-0.02411840132849985,-0.1605313794738661
2023-10-31,9677678.986715,-0.03223210132849996,-0.1675109111666815
2023-11-01,9726360.986715,-0.027363901328499973,-0.1633232093553053
2023-11-02,9937321.986715,-0.006267801328500022,-0.1451760140504753
2023-11-03,10083368.986715,0.008336898671500004,-0.13261282259478213
2023-11-06,10164505.986715,0.016450598671500005,-0.12563329090196695
2023-11-07,10018458.986715,0.0018458986714999792,-0.13819648235766013
2023-11-08,10050913.986715,0.0050913986714999915,-0.13540465247622113
2023-11-09,10050913.986715,0.0050913986714999915,-0.13540465247622113
2023-11-10,9937321.986715,-0.006267801328500022,-0.1451760140504753
2023-11-13,10099595.986715,0.00995959867149998,-0.13121695066484496
2023-11-14,10002231.986715,0.00022319867150000228,-0.1395923542875973
2023-11-15,10050913.986715,0.0050913986714999915,-0.13540465247622113
2023-11-16,10067140.986715,0.006714098671499968,-0.13400878054628396
2023-11-17,10196960.986715,0.019696098671500017,-0.12284146102052795
2023-11-20,10229415.986715,0.02294159867150003,-0.12004963113908895
2023-11-21,10505286.986715,0.050528698671500116,-0.09631877607138095
2023-11-22,10586423.986715,0.05864239867150012,-0.08933924437856577
2023-11-23,10489058.986715,0.04890589867150008,-0.09771473402288278
2023-11-24,10456603.986715,0.04566039867150007,-0.10050656390432178
2023-11-27,10375466.986715,0.03754669867150007,-0.10748609559713695
2023-11-28,10553968.986715,0.055396898671500105,-0.09213107426000477
2023-11-29,10716246.986715,0.07162469867150012,-0.07817166678811571
2023-11-30,10781156.986715,0.07811569867149992,-0.07258800702523771
2023-12-01,10748701.986715,0.07487019867149991,-0.07537983690667671
2023-12-04,10781156.986715,0.07811569867149992,-0.07258800702523771
2023-12-05,10602650.986715,0.060265098671500095,-0.0879433724486286
2023-12-06,10553968.986715,0.055396898671500105,-0.09213107426000477
2023-12-07,10505286.986715,0.050528698671500116,-0.09631877607138095
2023-12-08,10700019.986715,0.07000199867149992,-0.07956753871805289
2023-12-11,10813611.986715,0.08136119867149993,-0.0697961771437986
2023-12-12,10748701.986715,0.07487019867149991,-0.07537983690667671
2023-12-13,10781156.986715,0.07811569867149992,-0.07258800702523771
2023-12-14,10894748.986715,0.08947489867149994,-0.06281664545098342
2023-12-15,10943431.986715,0.09434319867149998,-0.058628857618042596
2023-12-18,10748701.986715,0.07487019867149991,-0.07537983690667671
2023-12-19,10700019.986715,0.07000199867149992,-0.07956753871805289
2023-12-20,10651336.986715,0.0651336986715001,-0.08375532655099371
2023-12-21,10846066.986715,0.08460669867149995,-0.0670043472623596
2023-12-22,10716246.986715,0.07162469867150012,-0.07817166678811571
2023-12-25,10716246.986715,0.07162469867150012,-0.07817166678811571
2023-12-26,10797384.986715,0.07973849867149996,-0.07119204907373577
2023-12-27,10813611.986715,0.08136119867149993,-0.0697961771437986
2023-12-28,10732474.986715,0.07324749867149993,-0.07677570883661389
2023-12-29,10748701.986715,0.07487019867149991,-0.07537983690667671
2024-01-02,10651336.986715,0.0651336986715001,-0.08375532655099371
2024-01-03,10553968.986715,0.055396898671500105,-0.09213107426000477
2024-01-04,10375466.986715,0.03754669867150007,-0.10748609559713695
2024-01-05,10229415.986715,0.02294159867150003,-0.12004963113908895
2024-01-08,10261870.986715,0.026187098671500042,-0.11725780125764984
2024-01-09,10310556.986715,0.031055698671500043,-0.11306975536001507
2024-01-10,10310556.986715,0.031055698671500043,-0.11306975536001507
2024-01-11,10245643.986715,0.024564398671500065,-0.11865367318758702
2024-01-12,10196960.986715,0.019696098671500017,-0.12284146102052795
2024-01-15,10213188.986715,0.021318898671500053,-0.12144550306902602
2024-01-16,10294328.986715,0.029432898671500007,-0.11446571331151689
2024-01-17,10180733.986715,0.01807339867150004,-0.12423733295046513
2024-01-18,10132050.986715,0.013205098671499993,-0.12842512078340595
2024-01-19,10537741.986715,0.053774198671499907,-0.09352694618994195
2024-01-22,10716246.986715,0.07162469867150012,-0.07817166678811571
2024-01-23,10700019.986715,0.07000199867149992,-0.07956753871805289
2024-01-24,10537741.986715,0.053774198671499907,-0.09352694618994195
2024-01-25,10732474.986715,0.07324749867149993,-0.07677570883661389
2024-01-26,10602650.986715,0.060265098671500095,-0.0879433724486286
2024-01-29,10813611.986715,0.08136119867149993,-0.0697961771437986
2024-01-30,10813611.986715,0.08136119867149993,-0.0697961771437986
2024-01-31,10748701.986715,0.07487019867149991,-0.07537983690667671
2024-02-01,10797384.986715,0.07973849867149996,-0.07119204907373577
2024-02-02,10878521.986715,0.08785219867149996,-0.0642125173809206
2024-02-05,10764929.986715,0.07649299867149995,-0.07398387895517489
2024-02-15,10894748.986715,0.08947489867149994,-0.06281664545098342
2024-02-16,10943431.986715,0.09434319867149998,-0.058628857618042596
2024-02-19,11284211.986715,0.12842119867150004,-0.029314428809021353
2024-02-20,11219301.986715,0.12193019867150001,-0.034898088571899355
2024-02-21,11186846.986715,0.1186846986715,-0.037689918453338356
2024-02-22,11170619.986715,0.11706199867150002,-0.03908579038327553
2024-02-23,11138164.986715,0.11381649867150001,-0.04187762026471453
2024-02-26,11397807.986715,0.13978079867150006,-0.019542723148508356
2024-02-27,10846066.986715,0.08460669867149995,-0.0670043472623596
2024-02-29,10862293.986715,0.08622939867149992,-0.06560847533242242
2024-03-01,10813611.986715,0.08136119867149993,-0.0697961771437986
2024-03-04,10894748.986715,0.08947489867149994,-0.06281664545098342
2024-03-05,10813611.986715,0.08136119867149993,-0.0697961771437986
2024-03-06,10683791.986715,0.06837919867150011,-0.08096349666955471
2024-03-07,10635109.986715,0.06351099867150012,-0.08515119848093089
2024-03-08,10667564.986715,0.06675649867149991,-0.08235936859949189
2024-03-11,10781156.986715,0.07811569867149992,-0.07258800702523771
2024-03-12,10943431.986715,0.09434319867149998,-0.058628857618042596
2024-03-13,10797384.986715,0.07973849867149996,-0.07119204907373577
2024-03-14,10797384.986715,0.07973849867149996,-0.07119204907373577
2024-03-15,10618878.986715,0.06188789867149991,-0.08654741449712677
2024-03-18,11105709.986715,0.1105709986715,-0.04466945014615353
2024-03-19,11284211.986715,0.12842119867150004,-0.029314428809021353
2024-03-20,11414034.986715,0.14140349867150004,-0.01814685121857129
2024-03-21,11527627.986715,0.1527627986715001,-0.008375403622752353
2024-03-22,11527627.986715,0.1527627986715001,-0.008375403622752353
2024-03-25,11462717.986715,0.1462717986715001,-0.013959063385630355
2024-03-26,11203074.986715,0.12030749867150003,-0.03629396050183653
2024-03-27,11251756.986715,0.12517569867150002,-0.032106258690460354
2024-03-28,11203074.986715,0.12030749867150003,-0.03629396050183653
2024-03-29,11235529.986715,0.12355299867150005,-0.03350213062039753
2024-04-01,11300439.986715,0.13004399867150007,-0.027918470857519417
2024-04-02,11316666.986715,0.13166669867150005,-0.02652259892758224
2024-04-03,11267984.986715,0.12679849867150006,-0.030710300738958418
2024-04-08,11495172.986715,0.1495172986715001,-0.011167233504191354
2024-04-09,11316666.986715,0.13166669867150005,-0.02652259892758224
2024-04-10,11251756.986715,0.12517569867150002,-0.032106258690460354
2024-04-11,11284211.986715,0.12842119867150004,-0.029314428809021353
2024-04-12,11332894.986715,0.13328949867150008,-0.025126640976080417
2024-04-15,10959658.986715,0.09596589867149996,-0.05723298568810542
2024-04-16,10781156.986715,0.07811569867149992,-0.07258800702523771
2024-04-17,10846066.986715,0.08460669867149995,-0.0670043472623596
2024-04-18,10829838.986715,0.08298389867149991,-0.06840030521386153
2024-04-19,10553968.986715,0.055396898671500105,-0.09213107426000477
2024-04-22,10472831.986715,0.047283198671500104,-0.09911060595281995
2024-04-23,10553968.986715,0.055396898671500105,-0.09213107426000477
2024-04-24,11105709.986715,0.1105709986715,-0.04466945014615353
2024-04-25,11008344.986715,0.10083449867149996,-0.053044939790470536
2024-04-26,10959658.986715,0.09596589867149996,-0.05723298568810542
2024-04-29,11008344.986715,0.10083449867149996,-0.053044939790470536
2024-04-30,10943431.986715,0.09434319867149998,-0.058628857618042596
2024-05-02,10813608.986715,0.08136089867149998,-0.06979643520849266
2024-05-03,10748698.986715,0.07486989867149996,-0.07538009497137066
2024-05-06,11008341.986715,0.10083419867150001,-0.053045197855164594
2024-05-07,10943427.986715,0.09434279867149997,-0.058629201704301304
2024-05-08,11170615.986715,0.11706159867150001,-0.03908613446953424
2024-05-09,11219298.986715,0.12192989867150006,-0.0348983466365933
2024-05-10,11203070.986715,0.12030709867150002,-0.03629430458809524
2024-05-13,11089478.986715,0.10894789867150001,-0.04606566616234942
2024-05-14,10992113.986715,0.09921139867149997,-0.05444115580666642
2024-05-15,10959658.986715,0.09596589867149996,-0.05723298568810542
2024-05-16,10975886.986715,0.0975886986715,-0.055837027736603595
2024-05-17,10992113.986715,0.09921139867149997,-0.05444115580666642
2024-05-20,10894745.986715,0.08947459867149998,-0.06281690351567748
2024-05-21,10943427.986715,0.09434279867149997,-0.058629201704301304
2024-05-22,10959658.986715,0.09596589867149996,-0.05723298568810542
2024-05-23,11235525.986715,0.12355259867150004,-0.03350247470665613
2024-05-24,11170615.986715,0.11706159867150001,-0.03908613446953424
2024-05-27,11267980.986715,0.12679809867150005,-0.030710644825217126
2024-05-28,11267980.986715,0.12679809867150005,-0.030710644825217126
2024-05-29,11235525.986715,0.12355259867150004,-0.03350247470665613
2024-05-30,11121933.986715,0.11219339867150002,-0.043273836280910416
2024-05-31,10959658.986715,0.09596589867149996,-0.05723298568810542
2024-06-03,11154388.986715,0.11543889867150003,-0.040482006399471415
2024-06-04,11121933.986715,0.11219339867150002,-0.043273836280910416
2024-06-05,11057023.986715,0.1057023986715,-0.04885749604378842
2024-06-06,11121933.986715,0.11219339867150002,-0.043273836280910416
2024-06-07,11008341.986715,0.10083419867150001,-0.053045197855164594
2024-06-11,10959658.986715,0.09596589867149996,-0.05723298568810542
2024-06-12,11057023.986715,0.1057023986715,-0.04885749604378842
2024-06-13,11008341.986715,0.10083419867150001,-0.053045197855164594
2024-06-14,10959658.986715,0.09596589867149996,-0.05723298568810542
2024-06-17,11008341.986715,0.10083419867150001,-0.053045197855164594
2024-06-18,11203070.986715,0.12030709867150002,-0.03629430458809524
2024-06-19,11170615.986715,0.11706159867150001,-0.03908613446953424
2024-06-20,11219298.986715,0.12192989867150006,-0.0348983466365933
2024-06-21,11105706.986715,0.11057069867150005,-0.04466970821084759
2024-06-24,11073251.986715,0.10732519867150003,-0.04746153809228659
2024-06-25,10878518.986715,0.0878518986715,-0.06421277544561466
2024-06-26,10878518.986715,0.0878518986715,-0.06421277544561466
2024-06-27,10829835.986715,0.08298359867149996,-0.06840056327855548
2024-06-28,10878518.986715,0.0878518986715,-0.06421277544561466
2024-07-01,10862290.986715,0.08622909867149997,-0.06560873339711648
2024-07-02,10829835.986715,0.08298359867149996,-0.06840056327855548
2024-07-03,10975886.986715,0.0975886986715,-0.055837027736603595
2024-07-04,10927200.986715,0.0927200986715,-0.06002507363423848
2024-07-05,10829835.986715,0.08298359867149996,-0.06840056327855548
2024-07-08,10910972.986715,0.09109729867149996,-0.061421031585740304
2024-07-09,10781153.986715,0.07811539867149997,-0.07258826508993166
2024-07-10,10732470.986715,0.07324709867149992,-0.07677605292287248
2024-07-11,11294166.986715,0.12941669867149996,-0.028458084132708672
2024-07-12,11310678.986715,0.13106789867149993,-0.02703769605683992
2024-07-15,11343698.986715,0.13436989867150007,-0.02419726399136113
2024-07-16,11574850.986715,0.15748509867149996,-0.004313207274233011
2024-07-17,12152730.986715,0.2152730986714999,0.0
2024-07-18,11806002.986715,0.18060029867150007,-0.028530870993444424
2024-07-19,11393234.986715,0.13932349867149996,-0.06249591148115252
2024-07-22,11327190.986715,0.1327190986715001,-0.06793041011954071
2024-07-23,11459274.986715,0.1459274986715,-0.05706174198688885
2024-07-26,11343698.986715,0.13436989867150007,-0.06657203231803699
2024-07-29,11013482.986715,0.10134829867149997,-0.09374419636585318
2024-07-30,11096038.986715,0.1096038986715,-0.08695099078183688
2024-07-31,10963950.986715,0.09639509867150009,-0.09781998805861325
2024-08-01,11079526.986715,0.10795269867150004,-0.08830969772746511
2024-08-02,10518159.986715,0.05181599867150011,-0.13450236015154649
2024-08-05,9973303.986715002,-0.0026696013284998044,-0.17933639791603073
2024-08-06,9676110.986715,-0.03238890132850003,-0.203791230358622
2024-08-07,9940282.986715,-0.005971701328500001,-0.1820535649491939
2024-08-08,9791686.986715002,-0.02083130132849975,-0.19428094002747365
2024-08-09,9923771.986715,-0.007622801328500017,-0.1834121896087909
2024-08-12,10253987.986715,0.025398798671500078,-0.1562400255609746
2024-08-13,10237478.986715,0.023747898671500067,-0.15759848564850942
2024-08-14,10303519.986715,0.030351998671499958,-0.15216423386821465
2024-08-15,10220966.986715,0.022096698671500103,-0.15895719259413754
2024-08-16,10303519.986715,0.030351998671499958,-0.15216423386821465
2024-08-19,10270498.986715,0.027049898671499983,-0.15488140090137759
2024-08-20,10253987.986715,0.025398798671500078,-0.1562400255609746
2024-08-21,10088879.986715,0.00888799867150003,-0.1698261075848828
2024-08-22,10369562.986715,0.036956298671499965,-0.14672981751585756
2024-08-23,10402586.986715,0.040258698671500115,-0.14401240362460133
2024-08-26,10336542.986715,0.03365429867150005,-0.1494469022629894
2024-08-27,10320030.986715,0.032003098671500085,-0.15080560920861763
2024-08-28,10287010.986715,0.028701098671499947,-0.15352269395574947
2024-08-29,10468627.986715,0.046862798671500006,-0.13857815184430644
2024-08-30,10435606.986715,0.04356069867150003,-0.1412953188774695
2024-09-02,10402586.986715,0.040258698671500115,-0.14401240362460133
2024-09-03,10204454.986715,0.020445498671499918,-0.16031589953976577
2024-09-04,9758663.986715002,-0.024133601328499843,-0.1969982716326989
2024-09-05,9725642.986715,-0.02743570132850004,-0.19971543866586194
2024-09-06,9742154.986715002,-0.025784501328499854,-0.19835673172023371
2024-09-09,9725642.986715,-0.02743570132850004,-0.19971543866586194
2024-09-10,9643087.986715,-0.03569120132850001,-0.20650856196384715
2024-09-11,9593555.986715,-0.0406444013285,-0.2105843536566071
2024-09-12,9857727.986715,-0.014227201328499972,-0.18884668824717898
2024-09-13,9907262.986715,-0.009273701328500028,-0.18477064969632573
2024-09-16,9874239.986715,-0.012576001328500008,-0.18748798130155087
2024-09-18,9758663.986715002,-0.024133601328499843,-0.1969982716326989
2024-09-19,9890750.986715,-0.010924901328499992,-0.18612935664195385
2024-09-20,9890750.986715,-0.010924901328499992,-0.18612935664195385
2024-09-23,9973303.986715002,-0.0026696013284998044,-0.17933639791603073
2024-09-24,9824707.986715,-0.0175292013285,-0.19156377299431093
2024-09-25,9874239.986715,-0.012576001328500008,-0.18748798130155087
2024-09-26,9874239.986715,-0.012576001328500008,-0.18748798130155087
2024-09-27,9956794.986715,-0.004320501328500037,-0.18069485800356566
2024-09-30,9791686.986715002,-0.02083130132849975,-0.19428094002747365
2024-10-01,9808195.986715002,-0.019180401328499852,-0.19292247993993883
2024-10-04,9676110.986715,-0.03238890132850003,-0.203791230358622
2024-10-07,9709131.986715,-0.029086801328499945,-0.20107406332545907
2024-10-08,9560535.986715,-0.04394640132850003,-0.21330143840373905
2024-10-09,9742154.986715002,-0.025784501328499854,-0.19835673172023371
2024-10-11,9692619.986715,-0.03073800132850002,-0.2024327702710872
2024-10-14,9775175.986715002,-0.022482401328499768,-0.19563956468707078
2024-10-15,9824707.986715,-0.0175292013285,-0.19156377299431093
2024-10-16,9742154.986715002,-0.025784501328499854,-0.19835673172023371
2024-10-17,9890750.986715,-0.010924901328499992,-0.18612935664195385
2024-10-18,9808195.986715002,-0.019180401328499852,-0.19292247993993883
2024-10-21,10039347.986715,0.003934798671499928,-0.17390189927764277
2024-10-22,10435606.986715,0.04356069867150003,-0.1412953188774695
2024-10-23,10567694.986715,0.05676949867149994,-0.13042632160069323
2024-10-24,10369562.986715,0.036956298671499965,-0.14672981751585756
2024-10-25,10518159.986715,0.05181599867150011,-0.13450236015154649
2024-10-28,10518159.986715,0.05181599867150011,-0.13450236015154649
2024-10-29,10435606.986715,0.04356069867150003,-0.1412953188774695
2024-10-30,10369562.986715,0.036956298671499965,-0.14672981751585756
2024-11-01,10518159.986715,0.05181599867150011,-0.13450236015154649
2024-11-04,10435606.986715,0.04356069867150003,-0.1412953188774695
2024-11-05,10485138.986715,0.04851389867149991,-0.13721952718470942
2024-11-06,10518159.986715,0.05181599867150011,-0.13450236015154649
2024-11-07,10864886.986715,0.08648869867150011,-0.10597157144413316
2024-11-08,10782334.986715,0.07823349867150009,-0.11276444788402507
2024-11-11,10666758.986715,0.06667589867149992,-0.1222747382151732
2024-11-12,10567694.986715,0.05676949867149994,-0.13042632160069323
2024-11-13,10633734.986715,0.0633734986715,-0.12499215210642944
2024-11-14,10518159.986715,0.05181599867150011,-0.13450236015154649
2024-11-15,10435606.986715,0.04356069867150003,-0.1412953188774695
2024-11-18,10287010.986715,0.028701098671499947,-0.15352269395574947
2024-11-19,10303519.986715,0.030351998671499958,-0.15216423386821465
2024-11-20,10237478.986715,0.023747898671500067,-0.15759848564850942
2024-11-21,10336542.986715,0.03365429867150005,-0.1494469022629894
2024-11-22,10353051.986715,0.03530519867150006,-0.14808844217545458
2024-11-25,10287010.986715,0.028701098671499947,-0.15352269395574947
2024-11-26,10270498.986715,0.027049898671499983,-0.15488140090137759
2024-11-27,9989815.986715,-0.0010184013284999516,-0.17797769097040272
2024-11-28,9890750.986715,-0.010924901328499992,-0.18612935664195385
2024-11-29,9956794.986715,-0.004320501328500037,-0.18069485800356566
2024-12-02,9940282.986715,-0.005971701328500001,-0.1820535649491939
2024-12-03,9956794.986715,-0.004320501328500037,-0.18069485800356566
2024-12-04,9989815.986715,-0.0010184013284999516,-0.17797769097040272
2024-12-05,10105390.986715,0.010539098671499936,-0.16846748292528568
2024-12-06,10039347.986715,0.003934798671499928,-0.17390189927764277
2024-12-09,9940282.986715,-0.005971701328500001,-0.1820535649491939
2024-12-10,9923771.986715,-0.007622801328500017,-0.1834121896087909
2024-12-11,9923771.986715,-0.007622801328500017,-0.1834121896087909
2024-12-12,9890750.986715,-0.010924901328499992,-0.18612935664195385
2024-12-13,9709131.986715,-0.029086801328499945,-0.20107406332545907
2024-12-16,9577046.986715,-0.04229530132850001,-0.21194281374414192
2024-12-17,9709131.986715,-0.029086801328499945,-0.20107406332545907
2024-12-18,9758663.986715002,-0.024133601328499843,-0.1969982716326989
2024-12-19,9709131.986715,-0.029086801328499945,-0.20107406332545907
2024-12-20,9692619.986715,-0.03073800132850002,-0.2024327702710872
2024-12-23,9841218.986715,-0.015878101328499983,-0.1902051483347138
2024-12-24,9841218.986715,-0.015878101328499983,-0.1902051483347138
2024-12-25,9824707.986715,-0.0175292013285,-0.19156377299431093
2024-12-26,9841218.986715,-0.015878101328499983,-0.1902051483347138
2024-12-27,9824707.986715,-0.0175292013285,-0.19156377299431093
2024-12-30,9709131.986715,-0.029086801328499945,-0.20107406332545907
2024-12-31,9692619.986715,-0.03073800132850002,-0.2024327702710872
2025-01-02,9890750.986715,-0.010924901328499992,-0.18612935664195385
2025-01-03,9973303.986715002,-0.0026696013284998044,-0.17933639791603073
2025-01-06,10039347.986715,0.003934798671499928,-0.17390189927764277
2025-01-07,10121902.986715,0.012190298671500122,-0.16710877597965756
2025-01-08,10088879.986715,0.00888799867150003,-0.1698261075848828
2025-01-09,9841218.986715,-0.015878101328499983,-0.1902051483347138
2025-01-10,9824707.986715,-0.0175292013285,-0.19156377299431093
2025-01-13,9659599.986715,-0.034040001328499936,-0.20514985501821903
2025-01-14,9676110.986715,-0.03238890132850003,-0.203791230358622
2025-01-15,9610067.986715,-0.03899320132850004,-0.20922564671097899
2025-01-16,9725642.986715,-0.02743570132850004,-0.19971543866586194
2025-01-17,9725642.986715,-0.02743570132850004,-0.19971543866586194
2025-01-20,9692619.986715,-0.03073800132850002,-0.2024327702710872
2025-01-21,9643087.986715,-0.03569120132850001,-0.20650856196384715
2025-01-22,9626578.986715,-0.03734210132850002,-0.20786702205138197
2025-02-03,9213807.986715,-0.07861920132849998,-0.24183230939718336
2025-02-04,9048699.986715,-0.09513000132850002,-0.2554183914210916
2025-02-05,9098231.986715,-0.09017680132850003,-0.2513425997283315
2025-02-06,9114743.986715,-0.08852560132849996,-0.2499838927827034
2025-02-07,9164275.986715,-0.08357240132849997,-0.24590810108994343
2025-02-10,9114743.986715,-0.08852560132849996,-0.2499838927827034
2025-02-11,9147763.986715,-0.08522360132850004,-0.24726680803557155
2025-02-12,9065211.986715,-0.09347880132849995,-0.25405968447546345
2025-02-13,9263339.986715,-0.07366600132849999,-0.2377565177044234
2025-02-14,9213807.986715,-0.07861920132849998,-0.24183230939718336
2025-02-17,9164275.986715,-0.08357240132849997,-0.24590810108994343
2025-02-18,9263339.986715,-0.07366600132849999,-0.2377565177044234
2025-02-19,9329383.986715,-0.06706160132850003,-0.23232201906603533
2025-02-20,9246830.986715,-0.0753169013285,-0.23911497779195823
2025-02-21,9378915.986715,-0.06210840132850004,-0.22824622737327527
2025-02-24,9345895.986715,-0.06541040132849996,-0.2309633121204071
2025-02-25,9312871.986715,-0.0687128013285,-0.23368072601166345
2025-02-26,9180787.986715,-0.0819212013285,-0.2445493941443153
2025-02-27,8933123.986715,-0.10668760132849997,-0.2649286817522397
2025-03-03,8801039.986715,-0.11989600132849998,-0.2757973498848916
2025-03-04,8784527.986715,-0.12154720132849994,-0.2771560568305197
2025-03-05,8867079.986715,-0.11329200132850004,-0.2703631803906278
2025-03-06,8784527.986715,-0.12154720132849994,-0.2771560568305197
2025-03-07,8734995.986715,-0.12650040132849993,-0.28123184852327965
2025-03-10,8768015.986715,-0.12319840132850002,-0.2785147637761478
2025-03-11,8652439.986715,-0.13475600132849996,-0.28802505410729595
2025-03-12,8734995.986715,-0.12650040132849993,-0.28123184852327965
2025-03-13,8586399.986715,-0.14136000132850002,-0.2934592236015596
2025-03-14,8536863.986715,-0.14631360132850002,-0.2975353444384441
2025-03-17,8586399.986715,-0.14136000132850002,-0.2934592236015596
2025-03-18,8602907.986715,-0.13970920132849995,-0.2921008458000559
2025-03-19,8569887.794455001,-0.14301122055449988,-0.29481794636750003
