,cashflow,entry_cost,market_value,profit_loss,unrealized,realized,position,invest,PNL/COST,return,return_pct,value_pct
2025-04-28,0.0,0.0,0.0,0.0,0.0,0.0,0.0,0.0,,,,
2025-04-29,-4051187.5639600004,-4051187.5639600004,4077999.0,26811.436039999593,26811.436039999593,0.0,4051187.5639600004,4051187.5639600004,0.0066181670477364046,0.0066181670477364046,0.006618167047736323,0.0066181670477364046
2025-04-30,4077998.5849800003,0.0,0.0,26811.02101999997,0.0,26811.02101999997,-0.0,4051187.5639600004,0.006618064603701645,-1.0244403475957037e-07,-1.0177050047133207e-07,-1.0177050058668922e-07
2025-05-02,0.0,0.0,0.0,26811.02101999997,0.0,26811.02101999997,-0.0,4051187.5639600004,0.006618064603701645,0.0,0.0,0.0
2025-05-05,-4287179.2594,-4287179.2594,4351166.0,90797.7616200001,63986.740600000136,26811.02101999997,4287179.2594,4260368.23838,0.010889154140548179,0.014694121700298653,0.014597514406900158,0.0149251376554185
2025-05-06,0.0,-4287179.2594,4195070.0,-65298.23837999989,-92109.25939999986,26811.02101999997,4287179.2594,4260368.23838,-0.00783105849901762,-0.03663908640426709,-0.03587452190975937,-0.03587452190975936
2025-05-07,4234094.346419999,0.0,0.0,-26273.89196000032,0.0,-26273.89196000032,-0.0,4260368.23838,-0.0031509637938203685,0.009159852913286795,0.00930243033370104,0.009302430333701123
2025-05-08,0.0,0.0,0.0,-26273.89196000032,0.0,-26273.89196000032,-0.0,4260368.23838,-0.0031509637938203685,0.0,0.0,0.0
2025-05-09,-4385509.1325,-4385509.1325,4292630.0,-119153.02446000063,-92879.1325000003,-26273.89196000033,4385509.1325,4411783.024460001,-0.009364522640219903,-0.020840859548094504,-0.020970183660246833,-0.02117864304778079
2025-05-12,4409702.078040001,0.0,0.0,-2080.9464200003495,0.0,-2080.9464200003495,-0.0,4411783.024460001,-0.00016354658181353665,0.026536227505052745,0.027272808986565256,0.027272808986565412
2025-05-13,0.0,0.0,0.0,-2080.9464200003495,0.0,-2080.9464200003495,-0.0,4411783.024460001,-0.00016354658181353665,0.0,0.0,0.0
2025-05-14,-4601834.45235,-4601834.45235,4487750.0,-116165.39877000026,-114084.45234999992,-2080.946420000342,4601834.45235,4603915.39877,-0.006704798593133235,-0.024760191625171513,-0.024771876004571536,-0.024791081367940317
2025-05-15,0.0,-4601834.45235,4468238.0,-135677.39877000026,-133596.45234999992,-2080.946420000342,4601834.45235,4603915.39877,-0.007830986180266978,-0.004238131744387159,-0.0043478357751657315,-0.004347835775165729
2025-05-16,4507261.928939999,0.0,0.0,-96653.46983000042,0.0,-96653.46983000042,-0.0,4603915.39877,-0.005578615107418625,0.008476248054085794,0.008733628096802226,0.008733628096802327
2025-05-19,0.0,0.0,0.0,-96653.46983000042,0.0,-96653.46983000042,-0.0,4603915.39877,-0.005578615107418625,0.0,0.0,0.0
2025-05-20,0.0,0.0,0.0,-96653.46983000042,0.0,-96653.46983000042,-0.0,4603915.39877,-0.005578615107418625,0.0,0.0,0.0
2025-05-21,0.0,0.0,0.0,-96653.46983000042,0.0,-96653.46983000042,-0.0,4603915.39877,-0.005578615107418625,0.0,0.0,0.0
2025-05-22,0.0,0.0,0.0,-96653.46983000042,0.0,-96653.46983000042,-0.0,4603915.39877,-0.005578615107418625,0.0,0.0,0.0
2025-05-23,0.0,0.0,0.0,-96653.46983000042,0.0,-96653.46983000042,-0.0,4603915.39877,-0.005578615107418625,0.0,0.0,0.0
2025-05-26,0.0,0.0,0.0,-96653.46983000042,0.0,-96653.46983000042,-0.0,4603915.39877,-0.005578615107418625,0.0,0.0,0.0
2025-05-27,0.0,0.0,0.0,-96653.46983000042,0.0,-96653.46983000042,-0.0,4603915.39877,-0.005578615107418625,0.0,0.0,0.0
2025-05-28,0.0,0.0,0.0,-96653.46983000042,0.0,-96653.46983000042,-0.0,4603915.39877,-0.005578615107418625,0.0,0.0,0.0
2025-05-29,0.0,0.0,0.0,-96653.46983000042,0.0,-96653.46983000042,-0.0,4603915.39877,-0.005578615107418625,0.0,0.0,0.0
2025-06-02,0.0,0.0,0.0,-96653.46983000042,0.0,-96653.46983000042,-0.0,4603915.39877,-0.005578615107418625,0.0,0.0,0.0
2025-06-03,0.0,0.0,0.0,-96653.46983000042,0.0,-96653.46983000042,-0.0,4603915.39877,-0.005578615107418625,0.0,0.0,0.0
2025-06-04,0.0,0.0,0.0,-96653.46983000042,0.0,-96653.46983000042,-0.0,4603915.39877,-0.005578615107418625,0.0,0.0,0.0
2025-06-05,-4729946.3722,-4729946.3722,4673105.0,-153494.84203000052,-56841.3722000001,-96653.46983000042,4729946.3722,4826599.842030001,-0.006959431929786638,-0.010808103295167525,-0.011039871650818545,-0.01201733967515618
2025-06-06,4593899.75502,0.0,0.0,-232700.0870100006,0.0,-232700.0870100006,-0.0,4826599.842030001,-0.010550585245626715,-0.016410153642794516,-0.01694916869618812,-0.016949168696188097
2025-06-09,0.0,0.0,0.0,-232700.0870100006,0.0,-232700.0870100006,-0.0,4826599.842030001,-0.010550585245626715,0.0,0.0,0.0
2025-06-10,0.0,0.0,0.0,-232700.0870100006,0.0,-232700.0870100006,-0.0,4826599.842030001,-0.010550585245626715,0.0,0.0,0.0
2025-06-11,0.0,0.0,0.0,-232700.0870100006,0.0,-232700.0870100006,-0.0,4826599.842030001,-0.010550585245626715,0.0,0.0,0.0
2025-06-12,0.0,0.0,0.0,-232700.0870100006,0.0,-232700.0870100006,-0.0,4826599.842030001,-0.010550585245626715,0.0,0.0,0.0
2025-06-13,0.0,0.0,0.0,-232700.0870100006,0.0,-232700.0870100006,-0.0,4826599.842030001,-0.010550585245626715,0.0,0.0,0.0
2025-06-16,0.0,0.0,0.0,-232700.0870100006,0.0,-232700.0870100006,-0.0,4826599.842030001,-0.010550585245626715,0.0,0.0,0.0
2025-06-17,0.0,0.0,0.0,-232700.0870100006,0.0,-232700.0870100006,-0.0,4826599.842030001,-0.010550585245626715,0.0,0.0,0.0
2025-06-18,0.0,0.0,0.0,-232700.0870100006,0.0,-232700.0870100006,-0.0,4826599.842030001,-0.010550585245626715,0.0,0.0,0.0
2025-06-19,0.0,0.0,0.0,-232700.0870100006,0.0,-232700.0870100006,-0.0,4826599.842030001,-0.010550585245626715,0.0,0.0,0.0
2025-06-20,0.0,0.0,0.0,-232700.0870100006,0.0,-232700.0870100006,-0.0,4826599.842030001,-0.010550585245626715,0.0,0.0,0.0
2025-06-23,0.0,0.0,0.0,-232700.0870100006,0.0,-232700.0870100006,-0.0,4826599.842030001,-0.010550585245626715,0.0,0.0,0.0
2025-06-24,0.0,0.0,0.0,-232700.0870100006,0.0,-232700.0870100006,-0.0,4826599.842030001,-0.010550585245626715,0.0,0.0,0.0
2025-06-25,0.0,0.0,0.0,-232700.0870100006,0.0,-232700.0870100006,-0.0,4826599.842030001,-0.010550585245626715,0.0,0.0,0.0
2025-06-26,-4889607.01262,-4889607.01262,4811714.0,-310593.09963000077,-77893.01262000017,-232700.0870100006,4889607.01262,5122307.099630001,-0.01152681606740635,-0.012423380653113152,-0.013052676439504474,-0.015930321684127068
2025-06-27,0.0,-4889607.01262,5168137.0,45829.90036999923,278529.98737999983,-232700.0870100006,4889607.01262,5122307.099630001,0.001700851798001479,0.06958251293167203,0.07407402019322018,0.07407402019322012
2025-06-30,0.0,-4889607.01262,5168137.0,45829.90036999923,278529.98737999983,-232700.0870100006,4889607.01262,5122307.099630001,0.001700851798001479,0.0,0.0,0.0
2025-07-01,0.0,-4889607.01262,5187939.0,65631.90036999923,298331.98737999983,-232700.0870100006,4889607.01262,5122307.099630001,0.002435749038277235,0.0038658361583651154,0.003831554774960555,0.0038315547749604934
2025-07-02,0.0,-4889607.01262,5247342.0,125034.90036999923,357734.98737999983,-232700.0870100006,4889607.01262,5122307.099630001,0.004640329422283938,0.011596922801503028,0.01145021173147942,0.011450211731479495
2025-07-03,5247342.29313,0.0,0.0,125035.19349999912,0.0,125035.19349999912,-0.0,5122307.099630001,0.0046403403010046715,5.722616668382696e-08,5.5862568126840983e-08,5.586256811335355e-08
2025-07-04,0.0,0.0,0.0,125035.19349999912,0.0,125035.19349999912,-0.0,5122307.099630001,0.0046403403010046715,0.0,0.0,0.0
2025-07-07,0.0,0.0,0.0,125035.19349999912,0.0,125035.19349999912,-0.0,5122307.099630001,0.0046403403010046715,0.0,0.0,0.0
2025-07-08,0.0,0.0,0.0,125035.19349999912,0.0,125035.19349999912,-0.0,5122307.099630001,0.0046403403010046715,0.0,0.0,0.0
2025-07-09,0.0,0.0,0.0,125035.19349999912,0.0,125035.19349999912,-0.0,5122307.099630001,0.0046403403010046715,0.0,0.0,0.0
2025-07-10,0.0,0.0,0.0,125035.19349999912,0.0,125035.19349999912,-0.0,5122307.099630001,0.0046403403010046715,0.0,0.0,0.0
2025-07-11,0.0,0.0,0.0,125035.19349999912,0.0,125035.19349999912,-0.0,5122307.099630001,0.0046403403010046715,0.0,0.0,0.0
2025-07-14,0.0,0.0,0.0,125035.19349999912,0.0,125035.19349999912,-0.0,5122307.099630001,0.0046403403010046715,0.0,0.0,0.0
2025-07-15,0.0,0.0,0.0,125035.19349999912,0.0,125035.19349999912,-0.0,5122307.099630001,0.0046403403010046715,0.0,0.0,0.0
2025-07-16,0.0,0.0,0.0,125035.19349999912,0.0,125035.19349999912,-0.0,5122307.099630001,0.0046403403010046715,0.0,0.0,0.0
2025-07-17,0.0,0.0,0.0,125035.19349999912,0.0,125035.19349999912,-0.0,5122307.099630001,0.0046403403010046715,0.0,0.0,0.0
2025-07-18,0.0,0.0,0.0,125035.19349999912,0.0,125035.19349999912,-0.0,5122307.099630001,0.0046403403010046715,0.0,0.0,0.0
2025-07-21,0.0,0.0,0.0,125035.19349999912,0.0,125035.19349999912,-0.0,5122307.099630001,0.0046403403010046715,0.0,0.0,0.0
2025-07-22,0.0,0.0,0.0,125035.19349999912,0.0,125035.19349999912,-0.0,5122307.099630001,0.0046403403010046715,0.0,0.0,0.0
2025-07-23,0.0,0.0,0.0,125035.19349999912,0.0,125035.19349999912,-0.0,5122307.099630001,0.0046403403010046715,0.0,0.0,0.0
2025-07-24,0.0,0.0,0.0,125035.19349999912,0.0,125035.19349999912,-0.0,5122307.099630001,0.0046403403010046715,0.0,0.0,0.0
2025-07-25,0.0,0.0,0.0,125035.19349999912,0.0,125035.19349999912,-0.0,5122307.099630001,0.0046403403010046715,0.0,0.0,0.0
2025-07-28,0.0,0.0,0.0,125035.19349999912,0.0,125035.19349999912,-0.0,5122307.099630001,0.0046403403010046715,0.0,0.0,0.0
2025-07-29,0.0,0.0,0.0,125035.19349999912,0.0,125035.19349999912,-0.0,5122307.099630001,0.0046403403010046715,0.0,0.0,0.0
2025-07-30,0.0,0.0,0.0,125035.19349999912,0.0,125035.19349999912,-0.0,5122307.099630001,0.0046403403010046715,0.0,0.0,0.0
2025-07-31,0.0,0.0,0.0,125035.19349999912,0.0,125035.19349999912,-0.0,5122307.099630001,0.0046403403010046715,0.0,0.0,0.0
2025-08-01,0.0,0.0,0.0,125035.19349999912,0.0,125035.19349999912,-0.0,5122307.099630001,0.0046403403010046715,0.0,0.0,0.0
2025-08-04,0.0,0.0,0.0,125035.19349999912,0.0,125035.19349999912,-0.0,5122307.099630001,0.0046403403010046715,0.0,0.0,0.0
2025-08-05,0.0,0.0,0.0,125035.19349999912,0.0,125035.19349999912,-0.0,5122307.099630001,0.0046403403010046715,0.0,0.0,0.0
2025-08-06,-3861791.8905225,-3861791.8905225,3757295.0,20538.302977499086,-104496.89052250003,125035.19349999912,3861791.8905225,5122307.099630001,0.0006666752963498628,-0.02040035641948296,-0.019914250812132273,-0.019914250812132255
2025-08-07,0.0,-3861791.8905225,3801848.0,65091.30297749909,-59943.890522500034,125035.19349999912,3861791.8905225,5122307.099630001,0.0021128699751807346,0.008697838519525351,0.008663103109693093,0.00866310310969312
2025-08-08,0.0,-3861791.8905225,3653339.0,-83417.69702250091,-208452.89052250003,125035.19349999912,3861791.8905225,5122307.099630001,-0.0027077464941590175,-0.02899259984055373,-0.028628801660067205,-0.028628801660067284
2025-08-11,3653338.5319500007,0.0,0.0,-83418.16507250047,0.0,-83418.16507250047,-0.0,5122307.099630001,-0.0027077616871071645,-9.137484154042586e-08,-9.288753166636354e-08,-9.288753178767802e-08
2025-08-12,0.0,0.0,0.0,-83418.16507250047,0.0,-83418.16507250047,-0.0,5122307.099630001,-0.0027077616871071645,0.0,0.0,0.0
2025-08-13,0.0,0.0,0.0,-83418.16507250047,0.0,-83418.16507250047,-0.0,5122307.099630001,-0.0027077616871071645,0.0,0.0,0.0
2025-08-14,0.0,0.0,0.0,-83418.16507250047,0.0,-83418.16507250047,-0.0,5122307.099630001,-0.0027077616871071645,0.0,0.0,0.0
2025-08-15,0.0,0.0,0.0,-83418.16507250047,0.0,-83418.16507250047,-0.0,5122307.099630001,-0.0027077616871071645,0.0,0.0,0.0
2025-08-18,0.0,0.0,0.0,-83418.16507250047,0.0,-83418.16507250047,-0.0,5122307.099630001,-0.0027077616871071645,0.0,0.0,0.0
2025-08-19,0.0,0.0,0.0,-83418.16507250047,0.0,-83418.16507250047,-0.0,5122307.099630001,-0.0027077616871071645,0.0,0.0,0.0
2025-08-20,0.0,0.0,0.0,-83418.16507250047,0.0,-83418.16507250047,-0.0,5122307.099630001,-0.0027077616871071645,0.0,0.0,0.0
2025-08-21,0.0,0.0,0.0,-83418.16507250047,0.0,-83418.16507250047,-0.0,5122307.099630001,-0.0027077616871071645,0.0,0.0,0.0
2025-08-22,0.0,0.0,0.0,-83418.16507250047,0.0,-83418.16507250047,-0.0,5122307.099630001,-0.0027077616871071645,0.0,0.0,0.0
2025-08-25,0.0,0.0,0.0,-83418.16507250047,0.0,-83418.16507250047,-0.0,5122307.099630001,-0.0027077616871071645,0.0,0.0,0.0
2025-08-26,-3996505.480695,-3996505.4806950004,4143420.0,63496.35423249914,146914.51930499962,-83418.16507250047,3996505.4806950004,5122307.099630001,0.0018244211830175231,0.028681318095045816,0.029156133666180972,0.029156133666181153
2025-08-27,0.0,-3996505.4806950004,3994911.0,-85012.64576750086,-1594.480695000384,-83418.16507250047,3996505.4806950004,5122307.099630001,-0.0024426421585510456,-0.028992599840553725,-0.02863760675105942,-0.02863760675105942
2025-08-28,0.0,-3996505.4806950004,4009762.0,-70161.64576750086,13256.519304999616,-83418.16507250047,3996505.4806950004,5122307.099630001,-0.002015932951124999,0.002899279506508449,0.0029482096264221713,0.0029482096264220846
2025-08-29,0.0,-3996505.4806950004,3950358.0,-129565.64576750086,-46147.480695000384,-83418.16507250047,3996505.4806950004,5122307.099630001,-0.003722769780829187,-0.011597118026033802,-0.011758172947016865,-0.011758172947016808
2025-09-01,0.0,-3996505.4806950004,3965209.0,-114714.64576750086,-31296.480695000384,-83418.16507250047,3996505.4806950004,5122307.099630001,-0.00329606057340314,0.002899279506508451,0.0029745181354245975,0.0029745181354245615
2025-09-02,4024612.6832475,0.0,0.0,-55310.96252000038,0.0,-55310.96252000038,-0.0,5122307.099630001,-0.0015892328448509296,0.01159705618817571,0.01186272321376336,0.011862723213763273
2025-09-03,0.0,0.0,0.0,-55310.96252000038,0.0,-55310.96252000038,-0.0,5122307.099630001,-0.0015892328448509296,0.0,0.0,0.0
2025-09-04,0.0,0.0,0.0,-55310.96252000038,0.0,-55310.96252000038,-0.0,5122307.099630001,-0.0015892328448509296,0.0,0.0,0.0
2025-09-05,0.0,0.0,0.0,-55310.96252000038,0.0,-55310.96252000038,-0.0,5122307.099630001,-0.0015892328448509296,0.0,0.0,0.0
2025-09-08,0.0,0.0,0.0,-55310.96252000038,0.0,-55310.96252000038,-0.0,5122307.099630001,-0.0015892328448509296,0.0,0.0,0.0
2025-09-09,0.0,0.0,0.0,-55310.96252000038,0.0,-55310.96252000038,-0.0,5122307.099630001,-0.0015892328448509296,0.0,0.0,0.0
2025-09-10,0.0,0.0,0.0,-55310.96252000038,0.0,-55310.96252000038,-0.0,5122307.099630001,-0.0015892328448509296,0.0,0.0,0.0
2025-09-11,0.0,0.0,0.0,-55310.96252000038,0.0,-55310.96252000038,-0.0,5122307.099630001,-0.0015892328448509296,0.0,0.0,0.0
2025-09-12,0.0,0.0,0.0,-55310.96252000038,0.0,-55310.96252000038,-0.0,5122307.099630001,-0.0015892328448509296,0.0,0.0,0.0
2025-09-15,0.0,0.0,0.0,-55310.96252000038,0.0,-55310.96252000038,-0.0,5122307.099630001,-0.0015892328448509296,0.0,0.0,0.0
2025-09-16,0.0,0.0,0.0,-55310.96252000038,0.0,-55310.96252000038,-0.0,5122307.099630001,-0.0015892328448509296,0.0,0.0,0.0
2025-09-17,0.0,0.0,0.0,-55310.96252000038,0.0,-55310.96252000038,-0.0,5122307.099630001,-0.0015892328448509296,0.0,0.0,0.0
2025-09-18,0.0,0.0,0.0,-55310.96252000038,0.0,-55310.96252000038,-0.0,5122307.099630001,-0.0015892328448509296,0.0,0.0,0.0
2025-09-19,0.0,0.0,0.0,-55310.96252000038,0.0,-55310.96252000038,-0.0,5122307.099630001,-0.0015892328448509296,0.0,0.0,0.0
2025-09-22,0.0,0.0,0.0,-55310.96252000038,0.0,-55310.96252000038,-0.0,5122307.099630001,-0.0015892328448509296,0.0,0.0,0.0
2025-09-23,0.0,0.0,0.0,-55310.96252000038,0.0,-55310.96252000038,-0.0,5122307.099630001,-0.0015892328448509296,0.0,0.0,0.0
2025-09-24,0.0,0.0,0.0,-55310.96252000038,0.0,-55310.96252000038,-0.0,5122307.099630001,-0.0015892328448509296,0.0,0.0,0.0
2025-09-25,0.0,0.0,0.0,-55310.96252000038,0.0,-55310.96252000038,-0.0,5122307.099630001,-0.0015892328448509296,0.0,0.0,0.0
2025-09-26,0.0,0.0,0.0,-55310.96252000038,0.0,-55310.96252000038,-0.0,5122307.099630001,-0.0015892328448509296,0.0,0.0,0.0
2025-09-30,0.0,0.0,0.0,-55310.96252000038,0.0,-55310.96252000038,-0.0,5122307.099630001,-0.0015892328448509296,0.0,0.0,0.0
2025-10-01,0.0,0.0,0.0,-55310.96252000038,0.0,-55310.96252000038,-0.0,5122307.099630001,-0.0015892328448509296,0.0,0.0,0.0
2025-10-02,0.0,0.0,0.0,-55310.96252000038,0.0,-55310.96252000038,-0.0,5122307.099630001,-0.0015892328448509296,0.0,0.0,0.0
2025-10-03,-4146187.180725,-4146187.1807250003,4084017.0,-117481.14324500071,-62170.18072500033,-55310.96252000038,4146187.1807250003,5122307.099630001,-0.003016223422151193,-0.012137144360105054,-0.012269632548103648,-0.012269632548103652
2025-10-07,4173122.2244175,0.0,0.0,-28375.918827500296,0.0,-28375.918827500296,-0.0,5122307.099630001,-0.0007285263713690454,0.017395525626321146,0.01780386075240492,0.017803860752404938
2025-10-08,-4221028.331467501,-4221028.331467501,4410738.0,161333.7497049988,189709.6685324991,-28375.91882750031,4221028.331467501,5122307.099630001,0.0037371055636588766,0.037035981022340965,0.03724229122832634,0.03724229122832636
2025-10-09,0.0,-4221028.331467501,4499844.0,250439.7497049988,278815.6685324991,-28375.91882750031,4221028.331467501,5122307.099630001,0.005801140701776479,0.0173956770390507,0.016864507361664227,0.01686450736166424
2025-10-13,0.0,-4221028.331467501,4455291.0,205886.7497049988,234262.6685324991,-28375.91882750031,4221028.331467501,5122307.099630001,0.004769123132717678,-0.008697838519525353,-0.008292406333180291,-0.00829240633318029
2025-10-14,0.0,-4221028.331467501,4291930.0,42525.749704998816,70901.66853249911,-28375.918827500296,4221028.331467501,5122307.099630001,0.0009850587128354075,-0.031892074571592946,-0.03065973285119661,-0.03065973285119661
2025-10-15,0.0,-4221028.331467501,4381036.0,131631.7497049988,160007.6685324991,-28375.91882750031,4221028.331467501,5122307.099630001,0.0030490938509530096,0.0173956770390507,0.017252446032493207,0.017252446032493166
2025-10-16,4440439.816245001,0.0,0.0,191035.56594999944,0.0,191035.56594999944,-0.0,5122307.099630001,0.004425113019897441,0.011597082152550273,0.011306529814773203,0.011306529814773059
2025-10-17,0.0,0.0,0.0,191035.56594999944,0.0,191035.56594999944,-0.0,5122307.099630001,0.004425113019897441,0.0,0.0,0.0
2025-10-20,0.0,0.0,0.0,191035.56594999944,0.0,191035.56594999944,-0.0,5122307.099630001,0.004425113019897441,0.0,0.0,0.0
2025-10-21,0.0,0.0,0.0,191035.56594999944,0.0,191035.56594999944,-0.0,5122307.099630001,0.004425113019897441,0.0,0.0,0.0
2025-10-22,-4969437.4330725,-4969437.4330725,4945373.0,166971.1328774995,-24064.43307249993,191035.56594999944,4969437.4330725,5122307.099630001,0.0034684335324654493,-0.004697967654894837,-0.004529057240819423,-0.004529057240819433
2025-10-23,0.0,-4969437.4330725,4796863.0,18461.132877499505,-172574.43307249993,191035.56594999944,4969437.4330725,5122307.099630001,0.00038348672142385815,-0.028992795065084502,-0.028077554908582658,-0.028077554908582585
2025-10-27,0.0,-4969437.4330725,4752310.0,-26091.867122500495,-217127.43307249993,191035.56594999944,4969437.4330725,5122307.099630001,-0.0005419973218886192,-0.008697838519525351,-0.008666603508454274,-0.008666603508454317
2025-10-28,0.0,-4969437.4330725,4395887.0,-382514.8671225005,-573550.4330724999,191035.56594999944,4969437.4330725,5122307.099630001,-0.00794584889573467,-0.06958251293167203,-0.06993876509109465,-0.06993876509109458
2025-10-29,4440439.816245,0.0,0.0,-337962.0508775006,0.0,-337962.0508775006,-0.0,5122307.099630001,-0.007020368669501189,0.008697802646041669,0.00939974033870894,0.009399740338708901
2025-10-30,0.0,0.0,0.0,-337962.0508775006,0.0,-337962.0508775006,-0.0,5122307.099630001,-0.007020368669501189,0.0,0.0,0.0
2025-10-31,0.0,0.0,0.0,-337962.0508775006,0.0,-337962.0508775006,-0.0,5122307.099630001,-0.007020368669501189,0.0,0.0,0.0
2025-11-03,0.0,0.0,0.0,-337962.0508775006,0.0,-337962.0508775006,-0.0,5122307.099630001,-0.007020368669501189,0.0,0.0,0.0
2025-11-04,0.0,0.0,0.0,-337962.0508775006,0.0,-337962.0508775006,-0.0,5122307.099630001,-0.007020368669501189,0.0,0.0,0.0
2025-11-05,-4700010.2527275,-4700010.2527275,4767161.0,-270811.3036050008,67150.74727249984,-337962.0508775006,4700010.2527275,5122307.099630001,-0.0051250975345692226,0.013109473127323891,0.014035515120300435,0.01403551512030035
2025-11-06,5004776.4904125,0.0,0.0,-33195.81319250073,0.0,-33195.81319250073,-0.0,5122307.099630001,-0.0006282299818587201,0.04638837262015463,0.04897777930822622,0.04897777930822628
2025-11-07,-3402767.34883,-3402767.34883,3405822.0,-30141.162022500765,3054.6511699999683,-33195.81319250073,3402767.34883,5122307.099630001,-0.0005359096503497029,0.0005963428413381568,0.0006002327318210821,0.000600232731821099
2025-11-10,0.0,-3402767.34883,3742444.0,306480.83797749924,339676.65116999997,-33195.81319250073,3402767.34883,5122307.099630001,0.005449227159748977,0.0657168719978377,0.06610585831736637,0.06610585831736626
2025-11-11,0.0,-3402767.34883,3782047.0,346083.83797749924,379279.65116999997,-33195.81319250073,3402767.34883,5122307.099630001,0.006153368223287123,0.00773147709219945,0.007294998525481766,0.007294998525481782
2025-11-12,0.0,-3402767.34883,3732544.0,296580.83797749924,329776.65116999997,-33195.81319250073,3402767.34883,5122307.099630001,0.005273205228859205,-0.009664199946851235,-0.009052571508659901,-0.009052571508659962
2025-11-13,0.0,-3402767.34883,3712742.0,276778.83797749924,309974.65116999997,-33195.81319250073,3402767.34883,5122307.099630001,0.004921125807093622,-0.003865836158365117,-0.003654255306254517,-0.0036542553062543686
2025-11-14,3603835.152645,0.0,0.0,167871.99062249914,0.0,167871.99062249914,-0.0,5122307.099630001,0.002984762821382025,-0.02126128817283656,-0.020171349116043014,-0.020171349116043156
2025-11-17,-3801918.9498799997,-3801918.9498799997,3841451.0,207404.0407424994,39532.05012000026,167871.99062249914,3801918.9498799997,5122307.099630001,0.0034541485441393774,0.007717625935168115,0.007472724353101867,0.007472724353101891
2025-11-18,3772146.0853199996,0.0,0.0,138099.12606249913,0.0,138099.12606249913,-0.0,5122307.099630001,0.002299930577668615,-0.01353001944865945,-0.013003502976928205,-0.013003502976928026
2025-11-19,0.0,0.0,0.0,138099.12606249913,0.0,138099.12606249913,-0.0,5122307.099630001,0.002299930577668615,0.0,0.0,0.0
2025-11-20,0.0,0.0,0.0,138099.12606249913,0.0,138099.12606249913,-0.0,5122307.099630001,0.002299930577668615,0.0,0.0,0.0
2025-11-21,0.0,0.0,0.0,138099.12606249913,0.0,138099.12606249913,-0.0,5122307.099630001,0.002299930577668615,0.0,0.0,0.0
2025-11-24,0.0,0.0,0.0,138099.12606249913,0.0,138099.12606249913,-0.0,5122307.099630001,0.002299930577668615,0.0,0.0,0.0
2025-11-25,0.0,0.0,0.0,138099.12606249913,0.0,138099.12606249913,-0.0,5122307.099630001,0.002299930577668615,0.0,0.0,0.0
2025-11-26,-4350752.451444999,-4350752.451444999,4296880.0,84226.67461749981,-53872.451444999315,138099.12606249913,4350752.451444999,5122307.099630001,0.0013079556999124637,-0.010517224054936235,-0.010241120007401405,-0.010241120007401584
2025-11-27,0.0,-4350752.451444999,4227576.0,14922.674617499812,-123176.45144499931,138099.12606249913,4350752.451444999,5122307.099630001,0.00023173415562868034,-0.013529840880685587,-0.013310967143397967,-0.01331096714339791
2025-11-28,0.0,-4350752.451444999,4475092.0,262438.6746174998,124339.54855500069,138099.12606249913,4350752.451444999,5122307.099630001,0.0040754091492069,0.048321194958786985,0.04818083108541815,0.048180831085418215
2025-12-01,0.0,-4350752.451444999,4326582.0,113928.67461749981,-24170.451444999315,138099.12606249913,4350752.451444999,5122307.099630001,0.0017691979414615362,-0.028992795065084502,-0.027579760721527125,-0.02757976072152705
2025-12-02,0.0,-4350752.451444999,4296880.0,84226.67461749981,-53872.451444999315,138099.12606249913,4350752.451444999,5122307.099630001,0.0013079556999124637,-0.005798559013016898,-0.0056723954536344046,-0.005672395453634529
2025-12-03,4316681.666354999,0.0,0.0,104028.34097249914,0.0,104028.34097249914,-0.0,5122307.099630001,0.0016154556991039909,0.0038657710226764133,0.0038032340158709044,0.003803234015871001
2025-12-04,0.0,0.0,0.0,104028.34097249914,0.0,104028.34097249914,-0.0,5122307.099630001,0.0016154556991039909,0.0,0.0,0.0
2025-12-05,0.0,0.0,0.0,104028.34097249914,0.0,104028.34097249914,-0.0,5122307.099630001,0.0016154556991039909,0.0,0.0,0.0
2025-12-08,0.0,0.0,0.0,104028.34097249914,0.0,104028.34097249914,-0.0,5122307.099630001,0.0016154556991039909,0.0,0.0,0.0
2025-12-09,0.0,0.0,0.0,104028.34097249914,0.0,104028.34097249914,-0.0,5122307.099630001,0.0016154556991039909,0.0,0.0,0.0
2025-12-10,0.0,0.0,0.0,104028.34097249914,0.0,104028.34097249914,-0.0,5122307.099630001,0.0016154556991039909,0.0,0.0,0.0
2025-12-11,0.0,0.0,0.0,104028.34097249914,0.0,104028.34097249914,-0.0,5122307.099630001,0.0016154556991039909,0.0,0.0,0.0
2025-12-12,0.0,0.0,0.0,104028.34097249914,0.0,104028.34097249914,-0.0,5122307.099630001,0.0016154556991039909,0.0,0.0,0.0
2025-12-15,0.0,0.0,0.0,104028.34097249914,0.0,104028.34097249914,-0.0,5122307.099630001,0.0016154556991039909,0.0,0.0,0.0
2025-12-16,0.0,0.0,0.0,104028.34097249914,0.0,104028.34097249914,-0.0,5122307.099630001,0.0016154556991039909,0.0,0.0,0.0
2025-12-17,0.0,0.0,0.0,104028.34097249914,0.0,104028.34097249914,-0.0,5122307.099630001,0.0016154556991039909,0.0,0.0,0.0
2025-12-18,0.0,0.0,0.0,104028.34097249914,0.0,104028.34097249914,-0.0,5122307.099630001,0.0016154556991039909,0.0,0.0,0.0
2025-12-19,0.0,0.0,0.0,104028.34097249914,0.0,104028.34097249914,-0.0,5122307.099630001,0.0016154556991039909,0.0,0.0,0.0
2025-12-22,0.0,0.0,0.0,104028.34097249914,0.0,104028.34097249914,-0.0,5122307.099630001,0.0016154556991039909,0.0,0.0,0.0
2025-12-23,0.0,0.0,0.0,104028.34097249914,0.0,104028.34097249914,-0.0,5122307.099630001,0.0016154556991039909,0.0,0.0,0.0
2025-12-24,0.0,0.0,0.0,104028.34097249914,0.0,104028.34097249914,-0.0,5122307.099630001,0.0016154556991039909,0.0,0.0,0.0
2025-12-26,0.0,0.0,0.0,104028.34097249914,0.0,104028.34097249914,-0.0,5122307.099630001,0.0016154556991039909,0.0,0.0,0.0
2025-12-29,0.0,0.0,0.0,104028.34097249914,0.0,104028.34097249914,-0.0,5122307.099630001,0.0016154556991039909,0.0,0.0,0.0
2025-12-30,0.0,0.0,0.0,104028.34097249914,0.0,104028.34097249914,-0.0,5122307.099630001,0.0016154556991039909,0.0,0.0,0.0
2025-12-31,0.0,0.0,0.0,104028.34097249914,0.0,104028.34097249914,-0.0,5122307.099630001,0.0016154556991039909,0.0,0.0,0.0
2026-01-02,0.0,0.0,0.0,104028.34097249914,0.0,104028.34097249914,-0.0,5122307.099630001,0.0016154556991039909,0.0,0.0,0.0
2026-01-05,-4570285.9322649995,-4570285.9322649995,4593900.0,127642.40870749965,23614.067735000513,104028.34097249914,4570285.9322649995,5122307.099630001,0.001850803338105922,0.00461004529320513,0.004518283987580807,0.004518283987580837
2026-01-06,0.0,-4570285.9322649995,4920621.0,454363.4087074996,350335.0677350005,104028.3409724991,4570285.9322649995,5122307.099630001,0.006588228176389907,0.06378395391865513,0.06223316995356454,0.06223316995356449
2026-01-07,0.0,-4570285.9322649995,4930522.0,464264.4087074996,360236.0677350005,104028.3409724991,4570285.9322649995,5122307.099630001,0.006731791777517015,0.001932918079182555,0.0017754321301926002,0.0017754321301926184
2026-01-08,0.0,-4570285.9322649995,4851317.0,385059.4087074996,281031.0677350005,104028.3409724991,4570285.9322649995,5122307.099630001,0.0055833264682277955,-0.015462758959868136,-0.014177747457773227,-0.014177747457773166
2026-01-09,0.0,-4570285.9322649995,4683006.0,216748.40870749965,112720.06773500051,104028.34097249914,4570285.9322649995,5122307.099630001,0.003142832248522249,-0.03285843599891884,-0.030561067571079015,-0.030561067571079036
2026-01-12,4702806.91101,0.0,0.0,236549.3197174994,0.0,236549.3197174994,-0.0,5122307.099630001,0.003429943660520326,0.003865623560803305,0.0037086917300406252,0.00370869173004074
2026-01-13,0.0,0.0,0.0,236549.3197174994,0.0,236549.3197174994,-0.0,5122307.099630001,0.003429943660520326,0.0,0.0,0.0
2026-01-14,0.0,0.0,0.0,236549.3197174994,0.0,236549.3197174994,-0.0,5122307.099630001,0.003429943660520326,0.0,0.0,0.0
2026-01-15,0.0,0.0,0.0,236549.3197174994,0.0,236549.3197174994,-0.0,5122307.099630001,0.003429943660520326,0.0,0.0,0.0
2026-01-16,0.0,0.0,0.0,236549.3197174994,0.0,236549.3197174994,-0.0,5122307.099630001,0.003429943660520326,0.0,0.0,0.0
2026-01-19,-5039288.9131350005,-5039288.9131350005,5336448.0,533708.4065824989,297159.0868649995,236549.31971749943,5039288.9131350005,5122307.099630001,0.007211765292706327,0.05801274329812521,0.055451959076967094,0.055451959076967
2026-01-20,0.0,-5039288.9131350005,5346349.0,543609.4065824989,307060.0868649995,236549.31971749943,5039288.9131350005,5122307.099630001,0.007345553120071284,0.001932918079182555,0.0017505256110286194,0.0017505256110286224
2026-01-21,0.0,-5039288.9131350005,5197839.0,395099.4065824989,158550.0868649995,236549.31971749943,5039288.9131350005,5122307.099630001,0.005338803272382194,-0.028992795065084495,-0.026211116919418576,-0.026211116919418676
2026-01-22,0.0,-5039288.9131350005,5098833.0,296093.4065824989,59544.086864999495,236549.31971749943,5039288.9131350005,5122307.099630001,0.0040009790489608345,-0.01932839989370249,-0.01794430044052797,-0.017944300440527815
2026-01-23,5346348.852825001,0.0,0.0,543609.2594074995,0.0,543609.2594074995,-0.0,5122307.099630001,0.007345551131360707,0.04832116622661677,0.04568061230269138,0.04568061230269149
2026-01-26,-2694273.3070875,-2694273.3070875,2593969.0,443304.95231999934,-100304.30708750011,543609.2594074995,2694273.3070875,5122307.099630001,0.005779762413205495,-0.019581861285658836,-0.017703104093216737,-0.017703104093216678
2026-01-27,2603869.953975,0.0,0.0,453205.9062949991,0.0,453205.9062949991,-0.0,5122307.099630001,0.005908849989015551,0.0019329090939734922,0.0017789515119959187,0.0017789515119960297
2026-01-28,0.0,0.0,0.0,453205.9062949991,0.0,453205.9062949991,-0.0,5122307.099630001,0.005908849989015551,0.0,0.0,0.0
2026-01-29,0.0,0.0,0.0,453205.9062949991,0.0,453205.9062949991,-0.0,5122307.099630001,0.005908849989015551,0.0,0.0,0.0
2026-01-30,0.0,0.0,0.0,453205.9062949991,0.0,453205.9062949991,-0.0,5122307.099630001,0.005908849989015551,0.0,0.0,0.0
2026-02-02,0.0,0.0,0.0,453205.9062949991,0.0,453205.9062949991,-0.0,5122307.099630001,0.005908849989015551,0.0,0.0,0.0
2026-02-03,0.0,0.0,0.0,453205.9062949991,0.0,453205.9062949991,-0.0,5122307.099630001,0.005908849989015551,0.0,0.0,0.0
2026-02-04,0.0,0.0,0.0,453205.9062949991,0.0,453205.9062949991,-0.0,5122307.099630001,0.005908849989015551,0.0,0.0,0.0
2026-02-05,0.0,0.0,0.0,453205.9062949991,0.0,453205.9062949991,-0.0,5122307.099630001,0.005908849989015551,0.0,0.0,0.0
2026-02-06,0.0,0.0,0.0,453205.9062949991,0.0,453205.9062949991,-0.0,5122307.099630001,0.005908849989015551,0.0,0.0,0.0
2026-02-09,0.0,0.0,0.0,453205.9062949991,0.0,453205.9062949991,-0.0,5122307.099630001,0.005908849989015551,0.0,0.0,0.0
2026-02-10,0.0,0.0,0.0,453205.9062949991,0.0,453205.9062949991,-0.0,5122307.099630001,0.005908849989015551,0.0,0.0,0.0
2026-02-11,0.0,0.0,0.0,453205.9062949991,0.0,453205.9062949991,-0.0,5122307.099630001,0.005908849989015551,0.0,0.0,0.0
2026-02-23,0.0,0.0,0.0,453205.9062949991,0.0,453205.9062949991,-0.0,5122307.099630001,0.005908849989015551,0.0,0.0,0.0
2026-02-24,0.0,0.0,0.0,453205.9062949991,0.0,453205.9062949991,-0.0,5122307.099630001,0.005908849989015551,0.0,0.0,0.0
2026-02-25,0.0,0.0,0.0,453205.9062949991,0.0,453205.9062949991,-0.0,5122307.099630001,0.005908849989015551,0.0,0.0,0.0
2026-02-26,0.0,0.0,0.0,453205.9062949991,0.0,453205.9062949991,-0.0,5122307.099630001,0.005908849989015551,0.0,0.0,0.0
2026-03-02,0.0,0.0,0.0,453205.9062949991,0.0,453205.9062949991,-0.0,5122307.099630001,0.005908849989015551,0.0,0.0,0.0
2026-03-03,-2659347.516935,-2659347.516935,2465261.0,259119.38935999892,-194086.5169350002,453205.9062949991,2659347.516935,5122307.099630001,0.003265160227069289,-0.03789044919798339,-0.03481052178135846,-0.03481052178135857
2026-03-04,0.0,-2659347.516935,2257347.0,51205.389359998924,-402000.5169350002,453205.9062949991,2659347.516935,5122307.099630001,0.0006452384793080084,-0.040589913091118306,-0.038635480838654535,-0.03863548083865433
2026-03-05,2381105.3438475,0.0,0.0,174963.73320749897,0.0,174963.73320749897,-0.0,5122307.099630001,0.0022047158426071797,0.024160664606860345,0.02392153186270951,0.023921531862709546
2026-03-06,0.0,0.0,0.0,174963.73320749897,0.0,174963.73320749897,-0.0,5122307.099630001,0.0022047158426071797,0.0,0.0,0.0
2026-03-09,0.0,0.0,0.0,174963.73320749897,0.0,174963.73320749897,-0.0,5122307.099630001,0.0022047158426071797,0.0,0.0,0.0
2026-03-10,0.0,0.0,0.0,174963.73320749897,0.0,174963.73320749897,-0.0,5122307.099630001,0.0022047158426071797,0.0,0.0,0.0
2026-03-11,0.0,0.0,0.0,174963.73320749897,0.0,174963.73320749897,-0.0,5122307.099630001,0.0022047158426071797,0.0,0.0,0.0
2026-03-12,0.0,0.0,0.0,174963.73320749897,0.0,174963.73320749897,-0.0,5122307.099630001,0.0022047158426071797,0.0,0.0,0.0
2026-03-13,0.0,0.0,0.0,174963.73320749897,0.0,174963.73320749897,-0.0,5122307.099630001,0.0022047158426071797,0.0,0.0,0.0
2026-03-16,0.0,0.0,0.0,174963.73320749897,0.0,174963.73320749897,-0.0,5122307.099630001,0.0022047158426071797,0.0,0.0,0.0
2026-03-17,0.0,0.0,0.0,174963.73320749897,0.0,174963.73320749897,-0.0,5122307.099630001,0.0022047158426071797,0.0,0.0,0.0
2026-03-18,0.0,0.0,0.0,174963.73320749897,0.0,174963.73320749897,-0.0,5122307.099630001,0.0022047158426071797,0.0,0.0,0.0
2026-03-19,-4989395.013125,-4989395.013125,5168137.0,353705.7200824994,178741.9868750004,174963.73320749897,4989395.013125,5122307.099630001,0.004193397067144826,0.03489482051708916,0.03374227833830745,0.03374227833830741
2026-03-20,0.0,-4989395.013125,5237442.0,423010.7200824994,248046.9868750004,174963.73320749897,4989395.013125,5122307.099630001,0.005015050117230322,0.013530036105216359,0.012656106236734299,0.012656106236734235
2026-03-23,0.0,-4989395.013125,5128535.0,314103.7200824994,139139.9868750004,174963.73320749897,4989395.013125,5122307.099630001,0.0037238912004759596,-0.021261317972885045,-0.019639451432857058,-0.019639451432856978
2026-03-24,0.0,-4989395.013125,4960224.0,145792.72008249938,-29171.01312499959,174963.73320749897,4989395.013125,5122307.099630001,0.0017284616281083112,-0.03285843599891885,-0.030959948683366934,-0.030959948683366975
2026-03-25,0.0,-4989395.013125,4900820.0,86388.72008249938,-88575.01312499959,174963.73320749897,4989395.013125,5122307.099630001,0.0010241909724950252,-0.0115971180260338,-0.011276172060695977,-0.011276172060696052
2026-03-26,4930521.819285,0.0,0.0,116090.53936749892,0.0,116090.53936749892,-0.0,5122307.099630001,0.0013763241578151043,0.005798523733015731,0.005702352433903268,0.005702352433903304
2026-03-27,0.0,0.0,0.0,116090.53936749892,0.0,116090.53936749892,-0.0,5122307.099630001,0.0013763241578151043,0.0,0.0,0.0
2026-03-30,0.0,0.0,0.0,116090.53936749892,0.0,116090.53936749892,-0.0,5122307.099630001,0.0013763241578151043,0.0,0.0,0.0
2026-03-31,0.0,0.0,0.0,116090.53936749892,0.0,116090.53936749892,-0.0,5122307.099630001,0.0013763241578151043,0.0,0.0,0.0
2026-04-01,0.0,0.0,0.0,116090.53936749892,0.0,116090.53936749892,-0.0,5122307.099630001,0.0013763241578151043,0.0,0.0,0.0
2026-04-02,0.0,0.0,0.0,116090.53936749892,0.0,116090.53936749892,-0.0,5122307.099630001,0.0013763241578151043,0.0,0.0,0.0
2026-04-07,0.0,0.0,0.0,116090.53936749892,0.0,116090.53936749892,-0.0,5122307.099630001,0.0013763241578151043,0.0,0.0,0.0
2026-04-08,0.0,0.0,0.0,116090.53936749892,0.0,116090.53936749892,-0.0,5122307.099630001,0.0013763241578151043,0.0,0.0,0.0
2026-04-09,0.0,0.0,0.0,116090.53936749892,0.0,116090.53936749892,-0.0,5122307.099630001,0.0013763241578151043,0.0,0.0,0.0
2026-04-10,-2689283.9371350002,-2689283.9371350002,2638522.0,65328.60223249867,-50761.93713500025,116090.53936749892,2689283.9371350002,5122307.099630001,0.0007505796227094088,-0.009909975358304254,-0.009690355836506348,-0.009690355836506301
2026-04-13,0.0,-2689283.9371350002,2747429.0,174235.60223249867,58145.06286499975,116090.53936749892,2689283.9371350002,5122307.099630001,0.002001844339494504,0.021261317972885045,0.020993571302799774,0.020993571302799746
2026-04-14,0.0,-2689283.9371350002,3019697.0,446503.6022324987,330413.06286499975,116090.53936749895,2689283.9371350002,5122307.099630001,0.0051300118761050464,0.053153392544478005,0.05140485318928123,0.051404853189281084
2026-04-15,0.0,-2689283.9371350002,3039498.0,466304.6022324987,350214.06286499975,116090.53936749895,2689283.9371350002,5122307.099630001,0.005357511418439898,0.003865640933834333,0.0035556963703897715,0.003555696370389734
2026-04-16,0.0,-2689283.9371350002,3311766.0,738572.6022324987,622482.0628649998,116090.53936749895,2689283.9371350002,5122307.099630001,0.00848567895505044,0.05315339254447801,0.048718360574104835,0.04871836057410502
2026-04-17,3306815.7719325,0.0,0.0,733622.3741649986,0.0,733622.3741649986,-0.0,5122307.099630001,0.008428804321455702,-0.0009664059516965862,-0.0008446220225142298,-0.0008446220225142895
2026-04-20,-3487587.139235,-3487587.139235,3544431.0,790466.2349299985,56843.860764999874,733622.3741649986,3487587.139235,5122307.099630001,0.008732009329494975,0.011097316045167588,0.009707060342747154,0.009707060342747192
2026-04-21,0.0,-3487587.139235,3697891.0,943926.2349299985,210303.86076499987,733622.3741649986,3487587.139235,5122307.099630001,0.01042722930536525,0.029959156492410405,0.025953979852911147,0.025953979852911063
2026-04-22,0.0,-3487587.139235,3638487.0,884522.2349299985,150899.86076499987,733622.3741649986,3487587.139235,5122307.099630001,0.009771013695782312,-0.011597118026033804,-0.009792567599002266,-0.009792567599002312
2026-04-23,0.0,-3487587.139235,3871153.0,1117188.2349299984,383565.8607649999,733622.3741649985,3487587.139235,5122307.099630001,0.012341195182201137,0.04542211067680929,0.038733579238112714,0.03873357923811276
2026-04-24,0.0,-3487587.139235,3994911.0,1240946.2349299984,507323.8607649999,733622.3741649985,3487587.139235,5122307.099630001,0.013708307353279943,0.024160597479393475,0.01983461696245148,0.01983461696245138
2026-04-27,4079066.1617850005,0.0,0.0,1325101.3967149989,0.0,1325101.3967149989,-0.0,5122307.099630001,0.014637940556267872,0.016429151971594835,0.013225178593462061,0.013225178593462296
2026-04-28,-4006484.2206,-4006484.2206,4148371.0,1466988.1761149988,141886.77939999988,1325101.3967149989,4006484.2206,5122307.099630001,0.015518493657382422,0.027699779931244062,0.022006792260865105,0.02200679226086492
2026-04-29,0.0,-4006484.2206,4079066.0,1397683.1761149988,72581.77939999988,1325101.3967149989,4006484.2206,5122307.099630001,0.0147853526406817,-0.013530036105216359,-0.010517816716320127,-0.010517816716320127
2026-04-30,0.0,-4006484.2206,4217675.0,1536292.1761149988,211190.77939999988,1325101.3967149989,4006484.2206,5122307.099630001,0.01625162409561093,0.0270598769859019,0.02125908078661376,0.021259080786613902
2026-05-04,0.0,-4006484.2206,4638453.0,1957070.1761149988,631968.7793999999,1325101.3967149989,4006484.2206,5122307.099630001,0.020702812476323676,0.0821461876095625,0.06319317060162355,0.06319317060162344
2026-05-05,0.0,-4006484.2206,4786962.0,2105579.1761149988,780477.7793999999,1325101.3967149989,4006484.2206,5122307.099630001,0.022273810806158572,0.028992599840553746,0.020977692559035255,0.020977692559035373
2026-05-06,4876068.141832501,0.0,0.0,2194685.317947499,0.0,2194685.317947499,-0.0,5122307.099630001,0.023216417651514002,0.01739570472823404,0.012328105124110644,0.012328105124110547
2026-05-07,-4944490.4830674995,-4944490.4830674995,5395852.0,2646046.8348799995,451361.5169325005,2194685.317947499,4944490.4830674995,5122307.099630001,0.02659982494474006,0.0881168403520951,0.061686754772111385,0.06168675477211123
2026-05-08,0.0,-4944490.4830674995,5158237.0,2408431.8348799995,213746.51693250053,2194685.317947499,4944490.4830674995,5122307.099630001,0.024211160722728643,-0.046388276879604395,-0.030587561020414267,-0.03058756102041428
2026-05-11,0.0,-4944490.4830674995,5673070.0,2923264.8348799995,728579.5169325005,2194685.317947499,4944490.4830674995,5122307.099630001,0.02938660489675303,0.1005080308514083,0.06836420761324624,0.06836420761324645
2026-05-12,0.0,-4944490.4830674995,5514660.0,2764854.8348799995,570169.5169325005,2194685.317947499,4944490.4830674995,5122307.099630001,0.02779416208207875,-0.0309255179197363,-0.019689091252857893,-0.019689091252857917
2026-05-13,0.0,-4944490.4830674995,5277044.0,2527238.8348799995,332553.5169325005,2194685.317947499,4944490.4830674995,5122307.099630001,0.025405487807401372,-0.04638847210413516,-0.03012693310635839,-0.030126933106358517
2026-05-14,5450305.61121,0.0,0.0,2700500.4460899998,0.0,2700500.4460899998,-0.0,5122307.099630001,0.027147228908532953,0.03382491674943028,0.022649921014050278,0.022649921014050188
2026-05-15,0.0,0.0,0.0,2700500.4460899998,0.0,2700500.4460899998,-0.0,5122307.099630001,0.027147228908532953,0.0,0.0,0.0
2026-05-18,0.0,0.0,0.0,2700500.4460899998,0.0,2700500.4460899998,-0.0,5122307.099630001,0.027147228908532953,0.0,0.0,0.0
2026-05-19,0.0,0.0,0.0,2700500.4460899998,0.0,2700500.4460899998,-0.0,5122307.099630001,0.027147228908532953,0.0,0.0,0.0
2026-05-20,0.0,0.0,0.0,2700500.4460899998,0.0,2700500.4460899998,-0.0,5122307.099630001,0.027147228908532953,0.0,0.0,0.0
2026-05-21,0.0,0.0,0.0,2700500.4460899998,0.0,2700500.4460899998,-0.0,5122307.099630001,0.027147228908532953,0.0,0.0,0.0
2026-05-22,0.0,0.0,0.0,2700500.4460899998,0.0,2700500.4460899998,-0.0,5122307.099630001,0.027147228908532953,0.0,0.0,0.0
2026-05-25,0.0,0.0,0.0,2700500.4460899998,0.0,2700500.4460899998,-0.0,5122307.099630001,0.027147228908532953,0.0,0.0,0.0
2026-05-26,0.0,0.0,0.0,2700500.4460899998,0.0,2700500.4460899998,-0.0,5122307.099630001,0.027147228908532953,0.0,0.0,0.0
2026-05-27,0.0,0.0,0.0,2700500.4460899998,0.0,2700500.4460899998,-0.0,5122307.099630001,0.027147228908532953,0.0,0.0,0.0
2026-05-28,0.0,0.0,0.0,2700500.4460899998,0.0,2700500.4460899998,-0.0,5122307.099630001,0.027147228908532953,0.0,0.0,0.0
2026-05-29,0.0,0.0,0.0,2700500.4460899998,0.0,2700500.4460899998,-0.0,5122307.099630001,0.027147228908532953,0.0,0.0,0.0
2026-06-01,0.0,0.0,0.0,2700500.4460899998,0.0,2700500.4460899998,-0.0,5122307.099630001,0.027147228908532953,0.0,0.0,0.0
2026-06-02,0.0,0.0,0.0,2700500.4460899998,0.0,2700500.4460899998,-0.0,5122307.099630001,0.027147228908532953,0.0,0.0,0.0
2026-06-03,0.0,0.0,0.0,2700500.4460899998,0.0,2700500.4460899998,-0.0,5122307.099630001,0.027147228908532953,0.0,0.0,0.0
2026-06-04,0.0,0.0,0.0,2700500.4460899998,0.0,2700500.4460899998,-0.0,5122307.099630001,0.027147228908532953,0.0,0.0,0.0
2026-06-05,0.0,0.0,0.0,2700500.4460899998,0.0,2700500.4460899998,-0.0,5122307.099630001,0.027147228908532953,0.0,0.0,0.0
2026-06-08,0.0,0.0,0.0,2700500.4460899998,0.0,2700500.4460899998,-0.0,5122307.099630001,0.027147228908532953,0.0,0.0,0.0
2026-06-09,0.0,0.0,0.0,2700500.4460899998,0.0,2700500.4460899998,-0.0,5122307.099630001,0.027147228908532953,0.0,0.0,0.0
2026-06-10,0.0,0.0,0.0,2700500.4460899998,0.0,2700500.4460899998,-0.0,5122307.099630001,0.027147228908532953,0.0,0.0,0.0
2026-06-11,0.0,0.0,0.0,2700500.4460899998,0.0,2700500.4460899998,-0.0,5122307.099630001,0.027147228908532953,0.0,0.0,0.0
2026-06-12,0.0,0.0,0.0,2700500.4460899998,0.0,2700500.4460899998,-0.0,5122307.099630001,0.027147228908532953,0.0,0.0,0.0
2026-06-15,0.0,0.0,0.0,2700500.4460899998,0.0,2700500.4460899998,-0.0,5122307.099630001,0.027147228908532953,0.0,0.0,0.0
2026-06-16,-5067258.375,-5067258.375,4893309.0,2526551.0710899998,-173949.375,2700500.4460899998,5067258.375,5122307.099630001,0.024167494909613077,-0.033959185112615586,-0.02223618234033775,-0.022236182340337755
2026-06-17,0.0,-5067258.375,5047468.0,2680710.0710899998,-19790.375,2700500.4460899998,5067258.375,5122307.099630001,0.025642088829522933,0.030095618439420713,0.020154511504753003,0.02015451150475297
2026-06-18,0.0,-5067258.375,4833634.0,2466876.0710899998,-233624.375,2700500.4460899998,5067258.375,5122307.099630001,0.023596679114423563,-0.041745642313293974,-0.027404015052330033,-0.027404015052329957
2026-06-22,0.0,-5067258.375,4729204.0,2362446.0710899998,-338054.375,2700500.4460899998,5067258.375,5122307.099630001,0.022597763429603436,-0.020387297748614697,-0.013760374160279087,-0.013760374160279034
2026-06-23,0.0,-5067258.375,4699367.0,2332609.0710899998,-367891.375,2700500.4460899998,5067258.375,5122307.099630001,0.022312360314713287,-0.005824914324671249,-0.00398637060160123,-0.003986370601601256
2026-06-24,4699366.875,0.0,0.0,2332608.9460899998,0.0,2332608.9460899998,-0.0,5122307.099630001,0.022312359119037135,-2.440306634543532e-08,-1.6767458865807328e-08,-1.6767458833534734e-08
2026-06-25,0.0,0.0,0.0,2332608.9460899998,0.0,2332608.9460899998,-0.0,5122307.099630001,0.022312359119037135,0.0,0.0,0.0
2026-06-26,0.0,0.0,0.0,2332608.9460899998,0.0,2332608.9460899998,-0.0,5122307.099630001,0.022312359119037135,0.0,0.0,0.0
2026-06-29,0.0,0.0,0.0,2332608.9460899998,0.0,2332608.9460899998,-0.0,5122307.099630001,0.022312359119037135,0.0,0.0,0.0
2026-06-30,0.0,0.0,0.0,2332608.9460899998,0.0,2332608.9460899998,-0.0,5122307.099630001,0.022312359119037135,0.0,0.0,0.0
2026-07-01,0.0,0.0,0.0,2332608.9460899998,0.0,2332608.9460899998,-0.0,5122307.099630001,0.022312359119037135,0.0,0.0,0.0
2026-07-02,0.0,0.0,0.0,2332608.9460899998,0.0,2332608.9460899998,-0.0,5122307.099630001,0.022312359119037135,0.0,0.0,0.0
2026-07-03,-5237670.625,-5237670.625,5012658.0,2107596.3210899998,-225012.625,2332608.9460899998,5237670.625,5122307.099630001,0.019198183406074754,-0.043927984133605213,-0.03018311991979883,-0.030183119919798926
2026-07-06,0.0,-5237670.625,4580018.0,1674956.3210899998,-657652.625,2332608.9460899998,5237670.625,5122307.099630001,0.015257247475560053,-0.08446194099359072,-0.059840356754989,-0.05984035675498898
2026-07-07,4744122.75,0.0,0.0,1839061.0710899998,0.0,1839061.0710899998,-0.0,5122307.099630001,0.01675208453557099,0.03203727281635527,0.02414276744075572,0.024142767440755913
2026-07-08,0.0,0.0,0.0,1839061.0710899998,0.0,1839061.0710899998,-0.0,5122307.099630001,0.01675208453557099,0.0,0.0,0.0
2026-07-09,0.0,0.0,0.0,1839061.0710899998,0.0,1839061.0710899998,-0.0,5122307.099630001,0.01675208453557099,0.0,0.0,0.0
2026-07-13,0.0,0.0,0.0,1839061.0710899998,0.0,1839061.0710899998,-0.0,5122307.099630001,0.01675208453557099,0.0,0.0,0.0
2026-07-14,0.0,0.0,0.0,1839061.0710899998,0.0,1839061.0710899998,-0.0,5122307.099630001,0.01675208453557099,0.0,0.0,0.0
2026-07-15,0.0,0.0,0.0,1839061.0710899998,0.0,1839061.0710899998,-0.0,5122307.099630001,0.01675208453557099,0.0,0.0,0.0
2026-07-16,0.0,0.0,0.0,1839061.0710899998,0.0,1839061.0710899998,-0.0,5122307.099630001,0.01675208453557099,0.0,0.0,0.0
2026-07-17,0.0,0.0,0.0,1839061.0710899998,0.0,1839061.0710899998,-0.0,5122307.099630001,0.01675208453557099,0.0,0.0,0.0
2026-07-20,0.0,0.0,0.0,1839061.0710899998,0.0,1839061.0710899998,-0.0,5122307.099630001,0.01675208453557099,0.0,0.0,0.0
2026-07-21,0.0,0.0,0.0,1839061.0710899998,0.0,1839061.0710899998,-0.0,5122307.099630001,0.01675208453557099,0.0,0.0,0.0
2026-07-22,0.0,0.0,0.0,1839061.0710899998,0.0,1839061.0710899998,-0.0,5122307.099630001,0.01675208453557099,0.0,0.0,0.0
2026-07-23,0.0,0.0,0.0,1839061.0710899998,0.0,1839061.0710899998,-0.0,5122307.099630001,0.01675208453557099,0.0,0.0,0.0
2026-07-24,0.0,0.0,0.0,1839061.0710899998,0.0,1839061.0710899998,-0.0,5122307.099630001,0.01675208453557099,0.0,0.0,0.0
2026-07-27,0.0,0.0,0.0,1839061.0710899998,0.0,1839061.0710899998,-0.0,5122307.099630001,0.01675208453557099,0.0,0.0,0.0
2026-07-28,0.0,0.0,0.0,1839061.0710899998,0.0,1839061.0710899998,-0.0,5122307.099630001,0.01675208453557099,0.0,0.0,0.0
2026-07-29,0.0,0.0,0.0,1839061.0710899998,0.0,1839061.0710899998,-0.0,5122307.099630001,0.01675208453557099,0.0,0.0,0.0
2026-07-30,0.0,0.0,0.0,1839061.0710899998,0.0,1839061.0710899998,-0.0,5122307.099630001,0.01675208453557099,0.0,0.0,0.0
2026-07-31,0.0,0.0,0.0,1839061.0710899998,0.0,1839061.0710899998,-0.0,5122307.099630001,0.01675208453557099,0.0,0.0,0.0
2026-08-03,0.0,0.0,0.0,1839061.0710899998,0.0,1839061.0710899998,-0.0,5122307.099630001,0.01675208453557099,0.0,0.0,0.0
2026-08-04,0.0,0.0,0.0,1839061.0710899998,0.0,1839061.0710899998,-0.0,5122307.099630001,0.01675208453557099,0.0,0.0,0.0
2026-08-05,0.0,0.0,0.0,1839061.0710899998,0.0,1839061.0710899998,-0.0,5122307.099630001,0.01675208453557099,0.0,0.0,0.0
2026-08-06,0.0,0.0,0.0,1839061.0710899998,0.0,1839061.0710899998,-0.0,5122307.099630001,0.01675208453557099,0.0,0.0,0.0
2026-08-07,0.0,0.0,0.0,1839061.0710899998,0.0,1839061.0710899998,-0.0,5122307.099630001,0.01675208453557099,0.0,0.0,0.0
2026-08-10,-4651252.0,-4651252.0,4505425.0,1693234.0710899998,-145827.0,1839061.0710899998,4651252.0,5122307.099630001,0.014796821863394866,-0.028469007649020772,-0.02094803728573913,-0.020948037285739105
2026-08-11,0.0,-4651252.0,4928119.0,2115928.0710899998,276867.0,1839061.0710899998,4651252.0,5122307.099630001,0.018490657185701812,0.08252023781052337,0.0620191397002956,0.06201913970029561
2026-08-12,0.0,-4651252.0,5102170.0,2289979.0710899998,450918.0,1839061.0710899998,4651252.0,5122307.099630001,0.02001165282718914,0.03397902480555537,0.02404605485934863,0.024046054859348652
2026-08-13,0.0,-4651252.0,5509946.0,2697755.0710899998,858694.0,1839061.0710899998,4651252.0,5122307.099630001,0.023575122837146786,0.07960787826045318,0.05501352627355338,0.05501352627355323
2026-08-14,0.0,-4651252.0,5435352.0,2623161.0710899998,784100.0,1839061.0710899998,4651252.0,5122307.099630001,0.022923261320228722,-0.014562578648474322,-0.009538798844758167,-0.00953879884475804
2026-08-17,5445298.125,0.0,0.0,2633107.1960899998,0.0,2633107.1960899998,-0.0,5122307.099630001,0.02301017844667263,0.0019417275861336458,0.0012841218607804183,0.0012841218607803576
2026-08-18,-5859174.125,-5859174.125,5504973.0,2278906.0710899998,-354201.125,2633107.1960899998,5859174.125,5122307.099630001,0.01894487082872046,-0.0691487484273609,-0.045671464024233166,-0.045671464024233215
2026-08-19,0.0,-5859174.125,5266275.0,2040208.0710899998,-592899.125,2633107.1960899998,5859174.125,5122307.099630001,0.016960540349092137,-0.04659970504643152,-0.03225119916074237,-0.03225119916074234
2026-08-20,5316003.375,0.0,0.0,2089936.4460899998,0.0,2089936.4460899998,-0.0,5122307.099630001,0.017373939414919614,0.009708198675474178,0.006942864875635779,0.0069428648756357375
2026-08-21,0.0,0.0,0.0,2089936.4460899998,0.0,2089936.4460899998,-0.0,5122307.099630001,0.017373939414919614,0.0,0.0,0.0
2026-08-24,0.0,0.0,0.0,2089936.4460899998,0.0,2089936.4460899998,-0.0,5122307.099630001,0.017373939414919614,0.0,0.0,0.0
2026-08-25,0.0,0.0,0.0,2089936.4460899998,0.0,2089936.4460899998,-0.0,5122307.099630001,0.017373939414919614,0.0,0.0,0.0
2026-08-26,0.0,0.0,0.0,2089936.4460899998,0.0,2089936.4460899998,-0.0,5122307.099630001,0.017373939414919614,0.0,0.0,0.0
2026-08-27,0.0,0.0,0.0,2089936.4460899998,0.0,2089936.4460899998,-0.0,5122307.099630001,0.017373939414919614,0.0,0.0,0.0
2026-08-28,0.0,0.0,0.0,2089936.4460899998,0.0,2089936.4460899998,-0.0,5122307.099630001,0.017373939414919614,0.0,0.0,0.0
2026-08-31,0.0,0.0,0.0,2089936.4460899998,0.0,2089936.4460899998,-0.0,5122307.099630001,0.017373939414919614,0.0,0.0,0.0
2026-09-01,0.0,0.0,0.0,2089936.4460899998,0.0,2089936.4460899998,-0.0,5122307.099630001,0.017373939414919614,0.0,0.0,0.0
2026-09-02,0.0,0.0,0.0,2089936.4460899998,0.0,2089936.4460899998,-0.0,5122307.099630001,0.017373939414919614,0.0,0.0,0.0
2026-09-03,0.0,0.0,0.0,2089936.4460899998,0.0,2089936.4460899998,-0.0,5122307.099630001,0.017373939414919614,0.0,0.0,0.0
2026-09-04,0.0,0.0,0.0,2089936.4460899998,0.0,2089936.4460899998,-0.0,5122307.099630001,0.017373939414919614,0.0,0.0,0.0
2026-09-07,0.0,0.0,0.0,2089936.4460899998,0.0,2089936.4460899998,-0.0,5122307.099630001,0.017373939414919614,0.0,0.0,0.0
2026-09-08,0.0,0.0,0.0,2089936.4460899998,0.0,2089936.4460899998,-0.0,5122307.099630001,0.017373939414919614,0.0,0.0,0.0
2026-09-09,0.0,0.0,0.0,2089936.4460899998,0.0,2089936.4460899998,-0.0,5122307.099630001,0.017373939414919614,0.0,0.0,0.0
2026-09-10,0.0,0.0,0.0,2089936.4460899998,0.0,2089936.4460899998,-0.0,5122307.099630001,0.017373939414919614,0.0,0.0,0.0
2026-09-11,0.0,0.0,0.0,2089936.4460899998,0.0,2089936.4460899998,-0.0,5122307.099630001,0.017373939414919614,0.0,0.0,0.0
2026-09-14,0.0,0.0,0.0,2089936.4460899998,0.0,2089936.4460899998,-0.0,5122307.099630001,0.017373939414919614,0.0,0.0,0.0
2026-09-15,0.0,0.0,0.0,2089936.4460899998,0.0,2089936.4460899998,-0.0,5122307.099630001,0.017373939414919614,0.0,0.0,0.0
2026-09-16,0.0,0.0,0.0,2089936.4460899998,0.0,2089936.4460899998,-0.0,5122307.099630001,0.017373939414919614,0.0,0.0,0.0
2026-09-17,0.0,0.0,0.0,2089936.4460899998,0.0,2089936.4460899998,-0.0,5122307.099630001,0.017373939414919614,0.0,0.0,0.0
2026-09-18,0.0,0.0,0.0,2089936.4460899998,0.0,2089936.4460899998,-0.0,5122307.099630001,0.017373939414919614,0.0,0.0,0.0
2026-09-21,0.0,0.0,0.0,2089936.4460899998,0.0,2089936.4460899998,-0.0,5122307.099630001,0.017373939414919614,0.0,0.0,0.0
2026-09-22,0.0,0.0,0.0,2089936.4460899998,0.0,2089936.4460899998,-0.0,5122307.099630001,0.017373939414919614,0.0,0.0,0.0
2026-09-23,0.0,0.0,0.0,2089936.4460899998,0.0,2089936.4460899998,-0.0,5122307.099630001,0.017373939414919614,0.0,0.0,0.0
2026-09-24,0.0,0.0,0.0,2089936.4460899998,0.0,2089936.4460899998,-0.0,5122307.099630001,0.017373939414919614,0.0,0.0,0.0
2026-09-29,0.0,0.0,0.0,2089936.4460899998,0.0,2089936.4460899998,-0.0,5122307.099630001,0.017373939414919614,0.0,0.0,0.0
2026-09-30,0.0,0.0,0.0,2089936.4460899998,0.0,2089936.4460899998,-0.0,5122307.099630001,0.017373939414919614,0.0,0.0,0.0
2026-10-01,0.0,0.0,0.0,2089936.4460899998,0.0,2089936.4460899998,-0.0,5122307.099630001,0.017373939414919614,0.0,0.0,0.0
